9145,GLLBaseLine,accept,6561,4585,25778,1324,1211,226,3206,16757,0Crowbarred
9145,GLLBaseLine,accept,6561,4585,25778,1324,1211,226,3206,16757,0Crowbarred
2505,GLLBaseLine,accept,3904,3325,46763,415,362,111,4905,43085,0Crowbarred
2505,GLLBaseLine,accept,3904,3325,46763,415,362,111,4905,43085,0Crowbarred
27098,GLLBaseLine,accept,4949,3188,19718,851,1127,193,2268,13451,0Crowbarred
27098,GLLBaseLine,accept,4949,3188,19718,851,1127,193,2268,13451,0Crowbarred
12707,GLLBaseLine,accept,10245,8140,85585,1574,1552,356,8144,72953,0Crowbarred
12707,GLLBaseLine,accept,10245,8140,85585,1574,1552,356,8144,72953,0Crowbarred
3783,GLLBaseLine,accept,2040,2058,23921,312,300,173,2460,22061,0Crowbarred
3783,GLLBaseLine,accept,2040,2058,23921,312,300,173,2460,22061,0Crowbarred
4416,GLLBaseLine,accept,5310,5278,26664,752,931,160,3838,18454,0Crowbarred
4416,GLLBaseLine,accept,5310,5278,26664,752,931,160,3838,18454,0Crowbarred
12440,GLLBaseLine,accept,28223,36635,861939,2433,2359,336,41330,827489,0Crowbarred
12440,GLLBaseLine,accept,28223,36635,861939,2433,2359,336,41330,827489,0Crowbarred
12862,GLLBaseLine,accept,15170,13034,293667,1433,1985,440,17332,276958,0Crowbarred
12862,GLLBaseLine,accept,15170,13034,293667,1433,1985,440,17332,276958,0Crowbarred
5714,GLLBaseLine,accept,4306,3173,15150,846,887,177,2371,9245,0Crowbarred
5714,GLLBaseLine,accept,4306,3173,15150,846,887,177,2371,9245,0Crowbarred
4490,GLLBaseLine,accept,2601,2665,34831,404,399,189,3202,32463,0Crowbarred
4490,GLLBaseLine,accept,2601,2665,34831,404,399,189,3202,32463,0Crowbarred
5988,GLLBaseLine,accept,16602,26450,395824,403,406,202,23546,368117,0Crowbarred
5988,GLLBaseLine,accept,16602,26450,395824,403,406,202,23546,368117,0Crowbarred
3586,GLLBaseLine,accept,3682,2583,25511,551,469,83,3000,21284,0Crowbarred
3586,GLLBaseLine,accept,3682,2583,25511,551,469,83,3000,21284,0Crowbarred
8922,GLLBaseLine,accept,7049,6762,96386,835,896,642,7914,89453,0Crowbarred
8922,GLLBaseLine,accept,7049,6762,96386,835,896,642,7914,89453,0Crowbarred
3062,GLLBaseLine,accept,2418,2151,15468,331,406,119,2191,12771,0Crowbarred
3062,GLLBaseLine,accept,2418,2151,15468,331,406,119,2191,12771,0Crowbarred
6165,GLLBaseLine,accept,8484,12027,214475,583,843,252,13750,204587,0Crowbarred
6165,GLLBaseLine,accept,8484,12027,214475,583,843,252,13750,204587,0Crowbarred
12526,GLLBaseLine,accept,24848,32838,1205745,2028,1539,245,41942,1179872,0Crowbarred
12526,GLLBaseLine,accept,24848,32838,1205745,2028,1539,245,41942,1179872,0Crowbarred
19133,GLLBaseLine,accept,15876,12281,135198,2698,2753,463,10938,114583,0Crowbarred
19133,GLLBaseLine,accept,15876,12281,135198,2698,2753,463,10938,114583,0Crowbarred
4313,GLLBaseLine,accept,2815,2835,41903,381,359,214,3670,39661,0Crowbarred
4313,GLLBaseLine,accept,2815,2835,41903,381,359,214,3670,39661,0Crowbarred
6278,GLLBaseLine,accept,9519,9408,352620,567,584,423,16012,349388,0Crowbarred
6278,GLLBaseLine,accept,9519,9408,352620,567,584,423,16012,349388,0Crowbarred
5383,GLLBaseLine,accept,8106,7901,95812,961,1123,191,7769,85271,0Crowbarred
5383,GLLBaseLine,accept,8106,7901,95812,961,1123,191,7769,85271,0Crowbarred
3807,GLLBaseLine,accept,3598,4034,35681,411,506,142,4303,31725,0Crowbarred
3807,GLLBaseLine,accept,3598,4034,35681,411,506,142,4303,31725,0Crowbarred
1661,GLLBaseLine,accept,1295,1197,14944,142,112,107,1816,14158,0Crowbarred
1661,GLLBaseLine,accept,1295,1197,14944,142,112,107,1816,14158,0Crowbarred
5516,GLLBaseLine,accept,4147,2582,14089,822,867,168,1618,8713,0Crowbarred
5516,GLLBaseLine,accept,4147,2582,14089,822,867,168,1618,8713,0Crowbarred
45179,GLLBaseLine,accept,9980,6482,66232,1548,2156,246,5334,54551,0Crowbarred
45179,GLLBaseLine,accept,9980,6482,66232,1548,2156,246,5334,54551,0Crowbarred
12630,GLLBaseLine,accept,10819,6370,34424,2054,1940,459,4607,20510,0Crowbarred
12630,GLLBaseLine,accept,10819,6370,34424,2054,1940,459,4607,20510,0Crowbarred
1608,GLLBaseLine,accept,3848,6210,56933,377,264,102,5356,49098,0Crowbarred
1608,GLLBaseLine,accept,3848,6210,56933,377,264,102,5356,49098,0Crowbarred
863,GLLBaseLine,accept,1878,3470,29505,143,191,42,3230,26265,0Crowbarred
863,GLLBaseLine,accept,1878,3470,29505,143,191,42,3230,26265,0Crowbarred
3088,GLLBaseLine,accept,4248,4384,43454,551,511,132,4418,37891,0Crowbarred
3088,GLLBaseLine,accept,4248,4384,43454,551,511,132,4418,37891,0Crowbarred
9608,GLLBaseLine,accept,6985,6958,138795,845,919,635,9709,134081,0Crowbarred
9608,GLLBaseLine,accept,6985,6958,138795,845,919,635,9709,134081,0Crowbarred
13655,GLLBaseLine,accept,15492,11611,205011,2546,2040,208,13186,187242,0Crowbarred
13655,GLLBaseLine,accept,15492,11611,205011,2546,2040,208,13186,187242,0Crowbarred
7459,GLLBaseLine,accept,15652,20426,51886,9386,1368,202,2085,8785,0Crowbarred
7459,GLLBaseLine,accept,15652,20426,51886,9386,1368,202,2085,8785,0Crowbarred
90204,GLLBaseLine,accept,94137,61665,861200,8957,25517,420,33100,720572,0Crowbarred
90204,GLLBaseLine,accept,94137,61665,861200,8957,25517,420,33100,720572,0Crowbarred
2328,GLLBaseLine,accept,1863,1836,12233,203,239,91,2178,9977,0Crowbarred
2328,GLLBaseLine,accept,1863,1836,12233,203,239,91,2178,9977,0Crowbarred
5895,GLLBaseLine,accept,6533,5054,28868,1703,737,157,3129,18559,0Crowbarred
5895,GLLBaseLine,accept,6533,5054,28868,1703,737,157,3129,18559,0Crowbarred
2340,GLLBaseLine,accept,2097,2044,29094,242,244,174,2872,27677,0Crowbarred
2340,GLLBaseLine,accept,2097,2044,29094,242,244,174,2872,27677,0Crowbarred
3878,GLLBaseLine,accept,13093,22560,584842,580,638,177,26770,570189,0Crowbarred
3878,GLLBaseLine,accept,13093,22560,584842,580,638,177,26770,570189,0Crowbarred
11284,GLLBaseLine,accept,9541,6854,40297,2172,1488,334,4442,26311,0Crowbarred
11284,GLLBaseLine,accept,9541,6854,40297,2172,1488,334,4442,26311,0Crowbarred
3338,GLLBaseLine,accept,1895,1961,19461,309,315,154,2089,17270,0Crowbarred
3338,GLLBaseLine,accept,1895,1961,19461,309,315,154,2089,17270,0Crowbarred
15281,GLLBaseLine,accept,14435,11178,105840,2212,2765,298,8003,85635,0Crowbarred
15281,GLLBaseLine,accept,14435,11178,105840,2212,2765,298,8003,85635,0Crowbarred
978,GLLBaseLine,accept,2087,2316,21412,201,111,75,2700,18870,0Crowbarred
978,GLLBaseLine,accept,2087,2316,21412,201,111,75,2700,18870,0Crowbarred
968,GLLBaseLine,accept,2087,2316,21412,201,111,75,2700,18870,0Crowbarred
968,GLLBaseLine,accept,2087,2316,21412,201,111,75,2700,18870,0Crowbarred
5322,GLLBaseLine,accept,7223,8220,92624,752,954,151,8325,83422,0Crowbarred
5322,GLLBaseLine,accept,7223,8220,92624,752,954,151,8325,83422,0Crowbarred
4559,GLLBaseLine,accept,7524,7387,213784,643,760,225,11401,209908,0Crowbarred
4559,GLLBaseLine,accept,7524,7387,213784,643,760,225,11401,209908,0Crowbarred
3688,GLLBaseLine,accept,4902,3700,44646,657,661,159,4664,39294,0Crowbarred
3688,GLLBaseLine,accept,4902,3700,44646,657,661,159,4664,39294,0Crowbarred
8506,GLLBaseLine,accept,7449,4578,22945,1431,1461,226,2693,12750,0Crowbarred
8506,GLLBaseLine,accept,7449,4578,22945,1431,1461,226,2693,12750,0Crowbarred
9858,GLLBaseLine,accept,11769,23145,444937,717,872,441,21198,425309,0Crowbarred
9858,GLLBaseLine,accept,11769,23145,444937,717,872,441,21198,425309,0Crowbarred
1809,GLLBaseLine,accept,1722,1570,15890,240,252,74,1816,14158,0Crowbarred
1809,GLLBaseLine,accept,1722,1570,15890,240,252,74,1816,14158,0Crowbarred
5901,GLLBaseLine,accept,4936,3721,19222,837,995,137,2102,11830,0Crowbarred
5901,GLLBaseLine,accept,4936,3721,19222,837,995,137,2102,11830,0Crowbarred
2124,GLLBaseLine,accept,1576,1551,19448,216,205,125,2172,18388,0Crowbarred
2124,GLLBaseLine,accept,1576,1551,19448,216,205,125,2172,18388,0Crowbarred
1888,GLLBaseLine,accept,2544,2575,53164,178,178,136,4432,52338,0Crowbarred
1888,GLLBaseLine,accept,2544,2575,53164,178,178,136,4432,52338,0Crowbarred
8599,GLLBaseLine,accept,9469,6562,67196,1564,1368,376,6584,56944,0Crowbarred
8599,GLLBaseLine,accept,9469,6562,67196,1564,1368,376,6584,56944,0Crowbarred
2766,GLLBaseLine,accept,1905,1856,16336,328,427,73,1816,14158,0Crowbarred
2766,GLLBaseLine,accept,1905,1856,16336,328,427,73,1816,14158,0Crowbarred
6428,GLLBaseLine,accept,66451,124797,7720601,952,1080,426,154058,7651686,0Crowbarred
6428,GLLBaseLine,accept,66451,124797,7720601,952,1080,426,154058,7651686,0Crowbarred
1647,GLLBaseLine,accept,1939,2361,16288,305,196,93,2384,13697,0Crowbarred
1647,GLLBaseLine,accept,1939,2361,16288,305,196,93,2384,13697,0Crowbarred
5306,GLLBaseLine,accept,3251,3540,46915,515,473,238,3972,43684,0Crowbarred
5306,GLLBaseLine,accept,3251,3540,46915,515,473,238,3972,43684,0Crowbarred
6971,GLLBaseLine,accept,4099,3803,23463,782,705,253,1908,15153,0Crowbarred
6971,GLLBaseLine,accept,4099,3803,23463,782,705,253,1908,15153,0Crowbarred
2502,GLLBaseLine,accept,1601,1506,16494,260,229,119,1934,15193,0Crowbarred
2502,GLLBaseLine,accept,1601,1506,16494,260,229,119,1934,15193,0Crowbarred
1873,GLLBaseLine,accept,1638,1446,12595,209,171,149,1492,10632,0Crowbarred
1873,GLLBaseLine,accept,1638,1446,12595,209,171,149,1492,10632,0Crowbarred
1919,GLLBaseLine,accept,1679,1599,12733,235,308,88,1492,10632,0Crowbarred
1919,GLLBaseLine,accept,1679,1599,12733,235,308,88,1492,10632,0Crowbarred
4582,GLLBaseLine,accept,6924,8971,100078,734,793,152,7687,89166,0Crowbarred
4582,GLLBaseLine,accept,6924,8971,100078,734,793,152,7687,89166,0Crowbarred
4354,GLLBaseLine,accept,8174,11670,173018,546,504,264,12531,162893,0Crowbarred
4354,GLLBaseLine,accept,8174,11670,173018,546,504,264,12531,162893,0Crowbarred
2760,GLLBaseLine,accept,1991,1977,24983,243,289,121,2560,23386,0Crowbarred
2760,GLLBaseLine,accept,1991,1977,24983,243,289,121,2560,23386,0Crowbarred
1408,GLLBaseLine,accept,1495,2020,12340,171,225,66,2058,10285,0Crowbarred
1408,GLLBaseLine,accept,1495,2020,12340,171,225,66,2058,10285,0Crowbarred
14357,GLLBaseLine,accept,29587,40203,1442114,2275,1666,254,47316,1402480,0Crowbarred
14357,GLLBaseLine,accept,29587,40203,1442114,2275,1666,254,47316,1402480,0Crowbarred
682,GLLBaseLine,accept,1385,2372,17421,104,117,45,2212,15088,0Crowbarred
682,GLLBaseLine,accept,1385,2372,17421,104,117,45,2212,15088,0Crowbarred
586,GLLBaseLine,accept,1236,1824,11768,116,108,36,1620,9730,0Crowbarred
586,GLLBaseLine,accept,1236,1824,11768,116,108,36,1620,9730,0Crowbarred
2199,GLLBaseLine,accept,1673,1614,12687,280,304,169,1492,10632,0Crowbarred
2199,GLLBaseLine,accept,1673,1614,12687,280,304,169,1492,10632,0Crowbarred
1863,GLLBaseLine,accept,1755,1714,11238,269,257,57,1612,8931,0Crowbarred
1863,GLLBaseLine,accept,1755,1714,11238,269,257,57,1612,8931,0Crowbarred
1870,GLLBaseLine,accept,2837,4061,42418,260,353,68,4374,38877,0Crowbarred
1870,GLLBaseLine,accept,2837,4061,42418,260,353,68,4374,38877,0Crowbarred
1843,GLLBaseLine,accept,2828,4058,42406,256,354,68,4374,38877,0Crowbarred
1843,GLLBaseLine,accept,2828,4058,42406,256,354,68,4374,38877,0Crowbarred
2074,GLLBaseLine,accept,3055,4165,42753,313,394,68,4374,38877,0Crowbarred
2074,GLLBaseLine,accept,3055,4165,42753,313,394,68,4374,38877,0Crowbarred
2088,GLLBaseLine,accept,3080,4179,42792,315,406,68,4374,38877,0Crowbarred
2088,GLLBaseLine,accept,3080,4179,42792,315,406,68,4374,38877,0Crowbarred
2073,GLLBaseLine,accept,3264,4702,51845,300,371,82,5122,47805,0Crowbarred
2073,GLLBaseLine,accept,3264,4702,51845,300,371,82,5122,47805,0Crowbarred
2085,GLLBaseLine,accept,3190,4495,48222,301,378,81,4882,44269,0Crowbarred
2085,GLLBaseLine,accept,3190,4495,48222,301,378,81,4882,44269,0Crowbarred
2074,GLLBaseLine,accept,3176,4486,48199,300,370,81,4882,44269,0Crowbarred
2074,GLLBaseLine,accept,3176,4486,48199,300,370,81,4882,44269,0Crowbarred
2016,GLLBaseLine,accept,3046,4238,44720,285,365,80,4638,40971,0Crowbarred
2016,GLLBaseLine,accept,3046,4238,44720,285,365,80,4638,40971,0Crowbarred
2797,GLLBaseLine,accept,1823,1643,17835,252,218,171,1990,16181,0Crowbarred
2797,GLLBaseLine,accept,1823,1643,17835,252,218,171,1990,16181,0Crowbarred
3530,GLLBaseLine,accept,2970,2509,20789,463,430,120,2520,17493,0Crowbarred
3530,GLLBaseLine,accept,2970,2509,20789,463,430,120,2520,17493,0Crowbarred
4774,GLLBaseLine,accept,5366,5315,26757,770,950,160,3838,18454,0Crowbarred
4774,GLLBaseLine,accept,5366,5315,26757,770,950,160,3838,18454,0Crowbarred
13335,GLLBaseLine,accept,28818,36935,876500,2390,2479,348,42065,841791,0Crowbarred
13335,GLLBaseLine,accept,28818,36935,876500,2390,2479,348,42065,841791,0Crowbarred
2436,GLLBaseLine,accept,7073,12556,196501,301,350,105,12371,185248,0Crowbarred
2436,GLLBaseLine,accept,7073,12556,196501,301,350,105,12371,185248,0Crowbarred
4143,GLLBaseLine,accept,10721,15598,326771,668,720,165,18455,314661,0Crowbarred
4143,GLLBaseLine,accept,10721,15598,326771,668,720,165,18455,314661,0Crowbarred
6530,GLLBaseLine,accept,6358,9462,139606,536,455,185,9211,131608,0Crowbarred
6530,GLLBaseLine,accept,6358,9462,139606,536,455,185,9211,131608,0Crowbarred
3109,GLLBaseLine,accept,2306,2282,24611,312,341,204,2460,22061,0Crowbarred
3109,GLLBaseLine,accept,2306,2282,24611,312,341,204,2460,22061,0Crowbarred
5054,GLLBaseLine,accept,4095,3468,30974,586,613,148,3530,26488,0Crowbarred
5054,GLLBaseLine,accept,4095,3468,30974,586,613,148,3530,26488,0Crowbarred
883,GLLBaseLine,accept,906,882,10309,82,82,80,1416,9853,0Crowbarred
883,GLLBaseLine,accept,906,882,10309,82,82,80,1416,9853,0Crowbarred
3928,GLLBaseLine,accept,2527,2312,17955,448,536,210,2358,15240,0Crowbarred
3928,GLLBaseLine,accept,2527,2312,17955,448,536,210,2358,15240,0Crowbarred
3595,GLLBaseLine,accept,2484,1762,16959,343,252,72,2268,14242,0Crowbarred
3595,GLLBaseLine,accept,2484,1762,16959,343,252,72,2268,14242,0Crowbarred
2865,GLLBaseLine,accept,6611,10453,182349,396,481,137,12146,174739,0Crowbarred
2865,GLLBaseLine,accept,6611,10453,182349,396,481,137,12146,174739,0Crowbarred
12627,GLLBaseLine,accept,14771,10730,200848,1788,1848,197,13064,183732,0Crowbarred
12627,GLLBaseLine,accept,14771,10730,200848,1788,1848,197,13064,183732,0Crowbarred
13688,GLLBaseLine,accept,22011,25877,668118,2082,2090,236,29556,642108,0Crowbarred
13688,GLLBaseLine,accept,22011,25877,668118,2082,2090,236,29556,642108,0Crowbarred
4917,GLLBaseLine,accept,6884,8525,93661,772,787,191,7519,83189,0Crowbarred
4917,GLLBaseLine,accept,6884,8525,93661,772,787,191,7519,83189,0Crowbarred
4617,GLLBaseLine,accept,4221,4297,30448,604,580,113,3418,24198,0Crowbarred
4617,GLLBaseLine,accept,4221,4297,30448,604,580,113,3418,24198,0Crowbarred
12551,GLLBaseLine,accept,12691,9767,126879,1758,1844,363,10599,112351,0Crowbarred
12551,GLLBaseLine,accept,12691,9767,126879,1758,1844,363,10599,112351,0Crowbarred
4330,GLLBaseLine,accept,16910,33000,775601,603,583,193,32265,747394,0Crowbarred
4330,GLLBaseLine,accept,16910,33000,775601,603,583,193,32265,747394,0Crowbarred
9685,GLLBaseLine,accept,12492,11909,328624,937,782,569,18335,319846,0Crowbarred
9685,GLLBaseLine,accept,12492,11909,328624,937,782,569,18335,319846,0Crowbarred
32653,GLLBaseLine,accept,25342,15576,92852,5272,5681,674,7678,57410,0Crowbarred
32653,GLLBaseLine,accept,25342,15576,92852,5272,5681,674,7678,57410,0Crowbarred
6354,GLLBaseLine,accept,9813,9814,377797,578,569,370,16780,374541,0Crowbarred
6354,GLLBaseLine,accept,9813,9814,377797,578,569,370,16780,374541,0Crowbarred
5111,GLLBaseLine,accept,4349,3012,15145,785,865,126,1841,8910,0Crowbarred
5111,GLLBaseLine,accept,4349,3012,15145,785,865,126,1841,8910,0Crowbarred
4367,GLLBaseLine,accept,3459,3380,35431,465,471,361,4258,32408,0Crowbarred
4367,GLLBaseLine,accept,3459,3380,35431,465,471,361,4258,32408,0Crowbarred
2178,GLLBaseLine,accept,1300,1251,14146,161,155,124,1732,13213,0Crowbarred
2178,GLLBaseLine,accept,1300,1251,14146,161,155,124,1732,13213,0Crowbarred
3786,GLLBaseLine,accept,10571,15519,326369,639,687,164,18386,314443,0Crowbarred
3786,GLLBaseLine,accept,10571,15519,326369,639,687,164,18386,314443,0Crowbarred
22707,GLLBaseLine,accept,20659,18579,217492,4385,2594,537,14474,188100,0Crowbarred
22707,GLLBaseLine,accept,20659,18579,217492,4385,2594,537,14474,188100,0Crowbarred
5121,GLLBaseLine,accept,3732,3756,48715,468,434,283,3916,43628,0Crowbarred
5121,GLLBaseLine,accept,3732,3756,48715,468,434,283,3916,43628,0Crowbarred
14502,GLLBaseLine,accept,6970,4400,27476,1285,1567,227,2680,18474,0Crowbarred
14502,GLLBaseLine,accept,6970,4400,27476,1285,1567,227,2680,18474,0Crowbarred
20054,GLLBaseLine,accept,36461,37126,2727210,1660,1622,945,63372,2714383,0Crowbarred
20054,GLLBaseLine,accept,36461,37126,2727210,1660,1622,945,63372,2714383,0Crowbarred
4607,GLLBaseLine,accept,9295,12501,139319,1008,753,218,13290,127414,0Crowbarred
4607,GLLBaseLine,accept,9295,12501,139319,1008,753,218,13290,127414,0Crowbarred
5176,GLLBaseLine,accept,14891,23664,577500,917,855,227,27374,560246,0Crowbarred
5176,GLLBaseLine,accept,14891,23664,577500,917,855,227,27374,560246,0Crowbarred
5015,GLLBaseLine,accept,5399,5331,26814,783,949,160,3838,18454,0Crowbarred
5015,GLLBaseLine,accept,5399,5331,26814,783,949,160,3838,18454,0Crowbarred
5683,GLLBaseLine,accept,16775,24003,690458,977,1079,209,29674,672540,0Crowbarred
5683,GLLBaseLine,accept,16775,24003,690458,977,1079,209,29674,672540,0Crowbarred
8364,GLLBaseLine,accept,29333,48522,1772711,1348,1411,331,57838,1740261,0Crowbarred
8364,GLLBaseLine,accept,29333,48522,1772711,1348,1411,331,57838,1740261,0Crowbarred
4032,GLLBaseLine,accept,10146,14444,283805,668,711,168,17035,272284,0Crowbarred
4032,GLLBaseLine,accept,10146,14444,283805,668,711,168,17035,272284,0Crowbarred
3237,GLLBaseLine,accept,4193,2929,17924,703,465,160,3124,12710,0Crowbarred
3237,GLLBaseLine,accept,4193,2929,17924,703,465,160,3124,12710,0Crowbarred
19570,GLLBaseLine,accept,10870,11476,112061,1662,1726,1126,9955,95569,0Crowbarred
19570,GLLBaseLine,accept,10870,11476,112061,1662,1726,1126,9955,95569,0Crowbarred
2149,GLLBaseLine,accept,1843,1828,18083,279,341,106,2039,16251,0Crowbarred
2149,GLLBaseLine,accept,1843,1828,18083,279,341,106,2039,16251,0Crowbarred
35364,GLLBaseLine,accept,9074,5748,38697,1454,2006,235,4156,27315,0Crowbarred
35364,GLLBaseLine,accept,9074,5748,38697,1454,2006,235,4156,27315,0Crowbarred
12024,GLLBaseLine,accept,6883,5226,26086,1244,1694,307,2280,13954,0Crowbarred
12024,GLLBaseLine,accept,6883,5226,26086,1244,1694,307,2280,13954,0Crowbarred
84488,GLLBaseLine,accept,80575,59003,2045118,9775,14565,947,65479,1953273,0Crowbarred
84488,GLLBaseLine,accept,80575,59003,2045118,9775,14565,947,65479,1953273,0Crowbarred
22906,GLLBaseLine,accept,21305,16537,368968,2351,3205,451,20969,346510,0Crowbarred
22906,GLLBaseLine,accept,21305,16537,368968,2351,3205,451,20969,346510,0Crowbarred
12199,GLLBaseLine,accept,14099,8820,77891,2380,2819,200,6190,58738,0Crowbarred
12199,GLLBaseLine,accept,14099,8820,77891,2380,2819,200,6190,58738,0Crowbarred
15311,GLLBaseLine,accept,11580,9399,137256,1579,2151,229,10624,123992,0Crowbarred
15311,GLLBaseLine,accept,11580,9399,137256,1579,2151,229,10624,123992,0Crowbarred
12664,GLLBaseLine,accept,11218,7238,70514,1954,1935,312,6368,56292,0Crowbarred
12664,GLLBaseLine,accept,11218,7238,70514,1954,1935,312,6368,56292,0Crowbarred
7800,GLLBaseLine,accept,4740,3511,16234,891,967,183,2260,9544,0Crowbarred
7800,GLLBaseLine,accept,4740,3511,16234,891,967,183,2260,9544,0Crowbarred
16463,GLLBaseLine,accept,9244,9413,62935,1612,1814,356,6462,49410,0Crowbarred
16463,GLLBaseLine,accept,9244,9413,62935,1612,1814,356,6462,49410,0Crowbarred
58931,GLLBaseLine,accept,40803,29946,481720,6377,7045,1323,30952,435189,0Crowbarred
58931,GLLBaseLine,accept,40803,29946,481720,6377,7045,1323,30952,435189,0Crowbarred
19838,GLLBaseLine,accept,8299,9637,57626,1502,1820,265,6709,44620,0Crowbarred
19838,GLLBaseLine,accept,8299,9637,57626,1502,1820,265,6709,44620,0Crowbarred
9897,GLLBaseLine,accept,5253,5554,36585,872,1079,186,3929,29010,0Crowbarred
9897,GLLBaseLine,accept,5253,5554,36585,872,1079,186,3929,29010,0Crowbarred
33430,GLLBaseLine,accept,15637,10915,36099,3275,4076,451,3410,11755,0Crowbarred
33430,GLLBaseLine,accept,15637,10915,36099,3275,4076,451,3410,11755,0Crowbarred
9292,GLLBaseLine,accept,5511,4202,26791,1264,1075,156,2931,18918,0Crowbarred
9292,GLLBaseLine,accept,5511,4202,26791,1264,1075,156,2931,18918,0Crowbarred
17756,GLLBaseLine,accept,11338,11198,135766,1725,2152,369,9381,121518,0Crowbarred
17756,GLLBaseLine,accept,11338,11198,135766,1725,2152,369,9381,121518,0Crowbarred
12501,GLLBaseLine,accept,8346,5453,42479,1354,1757,255,4559,31943,0Crowbarred
12501,GLLBaseLine,accept,8346,5453,42479,1354,1757,255,4559,31943,0Crowbarred
7178,GLLBaseLine,accept,3865,2657,13708,753,802,156,1906,8450,0Crowbarred
7178,GLLBaseLine,accept,3865,2657,13708,753,802,156,1906,8450,0Crowbarred
84628,GLLBaseLine,accept,54228,36461,328104,9795,10651,2016,26798,259425,0Crowbarred
84628,GLLBaseLine,accept,54228,36461,328104,9795,10651,2016,26798,259425,0Crowbarred
12711,GLLBaseLine,accept,7264,5092,27232,1611,1559,225,2988,16790,0Crowbarred
12711,GLLBaseLine,accept,7264,5092,27232,1611,1559,225,2988,16790,0Crowbarred
10394,GLLBaseLine,accept,6150,4248,24611,1126,1570,175,2893,16292,0Crowbarred
10394,GLLBaseLine,accept,6150,4248,24611,1126,1570,175,2893,16292,0Crowbarred
10264,GLLBaseLine,accept,6617,4757,25217,1288,1533,192,2945,15736,0Crowbarred
10264,GLLBaseLine,accept,6617,4757,25217,1288,1533,192,2945,15736,0Crowbarred
5789,GLLBaseLine,accept,2921,2961,12996,533,665,136,1911,8589,0Crowbarred
5789,GLLBaseLine,accept,2921,2961,12996,533,665,136,1911,8589,0Crowbarred
25500,GLLBaseLine,accept,17135,11171,80043,3343,3341,585,8098,58103,0Crowbarred
25500,GLLBaseLine,accept,17135,11171,80043,3343,3341,585,8098,58103,0Crowbarred
28058,GLLBaseLine,accept,13137,9553,41750,2565,2899,515,5400,22807,0Crowbarred
28058,GLLBaseLine,accept,13137,9553,41750,2565,2899,515,5400,22807,0Crowbarred
8545,GLLBaseLine,accept,5967,4085,27639,1133,1200,222,3190,19669,0Crowbarred
8545,GLLBaseLine,accept,5967,4085,27639,1133,1200,222,3190,19669,0Crowbarred
7049,GLLBaseLine,accept,5364,3468,20391,1001,1096,191,2462,13146,0Crowbarred
7049,GLLBaseLine,accept,5364,3468,20391,1001,1096,191,2462,13146,0Crowbarred
3549,GLLBaseLine,accept,2766,2110,17278,334,386,135,2770,14293,0Crowbarred
3549,GLLBaseLine,accept,2766,2110,17278,334,386,135,2770,14293,0Crowbarred
124749,GLLBaseLine,accept,61953,39880,309150,14672,13254,930,20938,220733,0Crowbarred
124749,GLLBaseLine,accept,61953,39880,309150,14672,13254,930,20938,220733,0Crowbarred
164284,GLLBaseLine,accept,80443,51261,313880,17854,18370,1593,21844,197530,0Crowbarred
164284,GLLBaseLine,accept,80443,51261,313880,17854,18370,1593,21844,197530,0Crowbarred
22757,GLLBaseLine,accept,13685,9510,67678,3086,2062,324,6452,48516,0Crowbarred
22757,GLLBaseLine,accept,13685,9510,67678,3086,2062,324,6452,48516,0Crowbarred
4910,GLLBaseLine,accept,4976,4108,57597,574,683,151,5654,52600,0Crowbarred
4910,GLLBaseLine,accept,4976,4108,57597,574,683,151,5654,52600,0Crowbarred
1754,GLLBaseLine,accept,1705,1421,11429,242,224,77,1772,9525,0Crowbarred
1754,GLLBaseLine,accept,1705,1421,11429,242,224,77,1772,9525,0Crowbarred
19821,GLLBaseLine,accept,12285,14688,170317,1699,2151,368,13687,153441,0Crowbarred
19821,GLLBaseLine,accept,12285,14688,170317,1699,2151,368,13687,153441,0Crowbarred
21527,GLLBaseLine,accept,13214,12520,131878,2081,2425,491,10390,115041,0Crowbarred
21527,GLLBaseLine,accept,13214,12520,131878,2081,2425,491,10390,115041,0Crowbarred
13014,GLLBaseLine,accept,7025,4688,29393,1329,1694,208,3210,19935,0Crowbarred
13014,GLLBaseLine,accept,7025,4688,29393,1329,1694,208,3210,19935,0Crowbarred
9890,GLLBaseLine,accept,11196,6806,52629,1889,2123,189,4540,37043,0Crowbarred
9890,GLLBaseLine,accept,11196,6806,52629,1889,2123,189,4540,37043,0Crowbarred
13342,GLLBaseLine,accept,5730,7765,25912,1153,1361,259,3770,14817,0Crowbarred
13342,GLLBaseLine,accept,5730,7765,25912,1153,1361,259,3770,14817,0Crowbarred
21658,GLLBaseLine,accept,16021,8932,48054,2794,4023,325,3977,25756,0Crowbarred
21658,GLLBaseLine,accept,16021,8932,48054,2794,4023,325,3977,25756,0Crowbarred
16394,GLLBaseLine,accept,8571,7024,25047,1802,2004,316,3196,11647,0Crowbarred
16394,GLLBaseLine,accept,8571,7024,25047,1802,2004,316,3196,11647,0Crowbarred
6976,GLLBaseLine,accept,5569,3668,24204,998,1031,204,2852,16803,0Crowbarred
6976,GLLBaseLine,accept,5569,3668,24204,998,1031,204,2852,16803,0Crowbarred
128048,GLLBaseLine,accept,70157,48443,386697,12912,17462,1624,26585,288497,0Crowbarred
128048,GLLBaseLine,accept,70157,48443,386697,12912,17462,1624,26585,288497,0Crowbarred
35486,GLLBaseLine,accept,27608,15772,92996,5001,6197,695,8211,55406,0Crowbarred
35486,GLLBaseLine,accept,27608,15772,92996,5001,6197,695,8211,55406,0Crowbarred
2992,GLLBaseLine,accept,2325,2163,19542,322,308,137,2563,16812,0Crowbarred
2992,GLLBaseLine,accept,2325,2163,19542,322,308,137,2563,16812,0Crowbarred
11426,GLLBaseLine,accept,7546,5056,32685,1401,1624,275,3786,22777,0Crowbarred
11426,GLLBaseLine,accept,7546,5056,32685,1401,1624,275,3786,22777,0Crowbarred
15327,GLLBaseLine,accept,10710,6796,44107,1918,2294,256,4952,29918,0Crowbarred
15327,GLLBaseLine,accept,10710,6796,44107,1918,2294,256,4952,29918,0Crowbarred
38146,GLLBaseLine,accept,27093,24596,412769,4054,4337,724,22588,380690,0Crowbarred
38146,GLLBaseLine,accept,27093,24596,412769,4054,4337,724,22588,380690,0Crowbarred
6075,GLLBaseLine,accept,6509,4651,45906,969,1230,173,4626,37961,0Crowbarred
6075,GLLBaseLine,accept,6509,4651,45906,969,1230,173,4626,37961,0Crowbarred
20905,GLLBaseLine,accept,14635,7187,29122,2794,3187,251,2256,8705,0Crowbarred
20905,GLLBaseLine,accept,14635,7187,29122,2794,3187,251,2256,8705,0Crowbarred
11709,GLLBaseLine,accept,7295,4779,37594,1240,1459,197,3946,28295,0Crowbarred
11709,GLLBaseLine,accept,7295,4779,37594,1240,1459,197,3946,28295,0Crowbarred
4321,GLLBaseLine,accept,3449,2465,19344,493,519,137,2898,15413,0Crowbarred
4321,GLLBaseLine,accept,3449,2465,19344,493,519,137,2898,15413,0Crowbarred
8160,GLLBaseLine,accept,6982,5818,106674,851,669,129,8596,100118,0Crowbarred
8160,GLLBaseLine,accept,6982,5818,106674,851,669,129,8596,100118,0Crowbarred
112687,GLLBaseLine,accept,53864,32817,185897,11412,12734,1210,14563,110001,0Crowbarred
112687,GLLBaseLine,accept,53864,32817,185897,11412,12734,1210,14563,110001,0Crowbarred
53554,GLLBaseLine,accept,29437,17471,64634,6422,6821,784,5590,20483,0Crowbarred
53554,GLLBaseLine,accept,29437,17471,64634,6422,6821,784,5590,20483,0Crowbarred
47794,GLLBaseLine,accept,30120,20397,241640,5178,5842,997,17094,203233,0Crowbarred
47794,GLLBaseLine,accept,30120,20397,241640,5178,5842,997,17094,203233,0Crowbarred
30529,GLLBaseLine,accept,17851,11681,122270,3327,3590,317,9002,99171,0Crowbarred
30529,GLLBaseLine,accept,17851,11681,122270,3327,3590,317,9002,99171,0Crowbarred
28493,GLLBaseLine,accept,15906,9744,54838,3072,4343,311,4531,32328,0Crowbarred
28493,GLLBaseLine,accept,15906,9744,54838,3072,4343,311,4531,32328,0Crowbarred
17340,GLLBaseLine,accept,10639,8137,72274,2512,1748,169,6104,57363,0Crowbarred
17340,GLLBaseLine,accept,10639,8137,72274,2512,1748,169,6104,57363,0Crowbarred
11758,GLLBaseLine,accept,6790,5286,24843,1733,1730,179,2627,14329,0Crowbarred
11758,GLLBaseLine,accept,6790,5286,24843,1733,1730,179,2627,14329,0Crowbarred
9657,GLLBaseLine,accept,6216,4605,42862,1029,1160,197,4878,35463,0Crowbarred
9657,GLLBaseLine,accept,6216,4605,42862,1029,1160,197,4878,35463,0Crowbarred
9121,GLLBaseLine,accept,4701,3275,15878,963,1440,74,1744,9089,0Crowbarred
9121,GLLBaseLine,accept,4701,3275,15878,963,1440,74,1744,9089,0Crowbarred
6473,GLLBaseLine,accept,5601,5462,88318,661,626,240,7629,82815,0Crowbarred
6473,GLLBaseLine,accept,5601,5462,88318,661,626,240,7629,82815,0Crowbarred
184192,GLLBaseLine,accept,103236,67145,642013,19541,24346,2314,38682,501131,0Crowbarred
184192,GLLBaseLine,accept,103236,67145,642013,19541,24346,2314,38682,501131,0Crowbarred
41873,GLLBaseLine,accept,27580,19876,283640,4540,5727,639,17877,249528,0Crowbarred
41873,GLLBaseLine,accept,27580,19876,283640,4540,5727,639,17877,249528,0Crowbarred
46887,GLLBaseLine,accept,25055,19583,141571,4649,5462,767,12596,105314,0Crowbarred
46887,GLLBaseLine,accept,25055,19583,141571,4649,5462,767,12596,105314,0Crowbarred
5712,GLLBaseLine,accept,4660,2960,21259,844,757,133,2572,15378,0Crowbarred
5712,GLLBaseLine,accept,4660,2960,21259,844,757,133,2572,15378,0Crowbarred
3242,GLLBaseLine,accept,3636,2907,36098,421,483,100,4000,32429,0Crowbarred
3242,GLLBaseLine,accept,3636,2907,36098,421,483,100,4000,32429,0Crowbarred
46613,GLLBaseLine,accept,22652,15488,59271,4441,5736,739,6324,25539,0Crowbarred
46613,GLLBaseLine,accept,22652,15488,59271,4441,5736,739,6324,25539,0Crowbarred
5404,GLLBaseLine,accept,5084,3046,17692,999,904,170,2138,10930,0Crowbarred
5404,GLLBaseLine,accept,5084,3046,17692,999,904,170,2138,10930,0Crowbarred
9018,GLLBaseLine,accept,4307,3479,18510,859,1031,142,2519,12491,0Crowbarred
9018,GLLBaseLine,accept,4307,3479,18510,859,1031,142,2519,12491,0Crowbarred
22566,GLLBaseLine,accept,17549,13868,231978,2347,2612,554,15762,212861,0Crowbarred
22566,GLLBaseLine,accept,17549,13868,231978,2347,2612,554,15762,212861,0Crowbarred
2346,GLLBaseLine,accept,1959,1566,14111,248,232,114,2062,11995,0Crowbarred
2346,GLLBaseLine,accept,1959,1566,14111,248,232,114,2062,11995,0Crowbarred
5176,GLLBaseLine,accept,4734,3414,28844,725,933,145,3458,23151,0Crowbarred
5176,GLLBaseLine,accept,4734,3414,28844,725,933,145,3458,23151,0Crowbarred
13806,GLLBaseLine,accept,6719,7440,43309,1090,1531,215,4633,32905,0Crowbarred
13806,GLLBaseLine,accept,6719,7440,43309,1090,1531,215,4633,32905,0Crowbarred
17926,GLLBaseLine,accept,10901,7709,57544,2059,2048,416,6082,43777,0Crowbarred
17926,GLLBaseLine,accept,10901,7709,57544,2059,2048,416,6082,43777,0Crowbarred
53606,GLLBaseLine,accept,35902,26585,496568,5147,6583,839,27281,454316,0Crowbarred
53606,GLLBaseLine,accept,35902,26585,496568,5147,6583,839,27281,454316,0Crowbarred
24040,GLLBaseLine,accept,20930,17983,456441,2353,2531,541,24077,435194,0Crowbarred
24040,GLLBaseLine,accept,20930,17983,456441,2353,2531,541,24077,435194,0Crowbarred
53626,GLLBaseLine,accept,31588,19932,120778,5588,7044,996,13151,80112,0Crowbarred
53626,GLLBaseLine,accept,31588,19932,120778,5588,7044,996,13151,80112,0Crowbarred
44755,GLLBaseLine,accept,30340,28733,516222,4330,5294,777,26052,480474,0Crowbarred
44755,GLLBaseLine,accept,30340,28733,516222,4330,5294,777,26052,480474,0Crowbarred
22030,GLLBaseLine,accept,12760,8294,45732,2674,2866,450,4917,28042,0Crowbarred
22030,GLLBaseLine,accept,12760,8294,45732,2674,2866,450,4917,28042,0Crowbarred
12061,GLLBaseLine,accept,5219,5201,16784,1169,1191,222,2375,7708,0Crowbarred
12061,GLLBaseLine,accept,5219,5201,16784,1169,1191,222,2375,7708,0Crowbarred
23110,GLLBaseLine,accept,11586,7507,36870,2263,3219,265,3622,20235,0Crowbarred
23110,GLLBaseLine,accept,11586,7507,36870,2263,3219,265,3622,20235,0Crowbarred
5712,GLLBaseLine,accept,3667,3354,25489,639,688,131,2924,20570,0Crowbarred
5712,GLLBaseLine,accept,3667,3354,25489,639,688,131,2924,20570,0Crowbarred
64060,GLLBaseLine,accept,47044,42700,1638815,5250,6764,1271,49818,1596200,0Crowbarred
64060,GLLBaseLine,accept,47044,42700,1638815,5250,6764,1271,49818,1596200,0Crowbarred
4154,GLLBaseLine,accept,1802,1619,10947,310,378,110,1689,8691,0Crowbarred
4154,GLLBaseLine,accept,1802,1619,10947,310,378,110,1689,8691,0Crowbarred
39602,GLLBaseLine,accept,28021,29521,380724,4514,4391,839,25356,341040,0Crowbarred
39602,GLLBaseLine,accept,28021,29521,380724,4514,4391,839,25356,341040,0Crowbarred
23162,GLLBaseLine,accept,28878,19676,404568,3815,3531,715,23380,372703,0Crowbarred
23162,GLLBaseLine,accept,28878,19676,404568,3815,3531,715,23380,372703,0Crowbarred
61606,GLLBaseLine,accept,52196,33621,517047,7891,10782,1108,27895,451676,0Crowbarred
61606,GLLBaseLine,accept,52196,33621,517047,7891,10782,1108,27895,451676,0Crowbarred
2489,GLLBaseLine,accept,3510,2631,26892,509,496,110,3156,22921,0Crowbarred
2489,GLLBaseLine,accept,3510,2631,26892,509,496,110,3156,22921,0Crowbarred
25332,GLLBaseLine,accept,15506,9114,46634,3178,3870,261,3750,24523,0Crowbarred
25332,GLLBaseLine,accept,15506,9114,46634,3178,3870,261,3750,24523,0Crowbarred
10088,GLLBaseLine,accept,9275,5435,34487,1802,1737,285,3518,22066,0Crowbarred
10088,GLLBaseLine,accept,9275,5435,34487,1802,1737,285,3518,22066,0Crowbarred
27839,GLLBaseLine,accept,16864,11445,134187,3070,3316,303,9680,112884,0Crowbarred
27839,GLLBaseLine,accept,16864,11445,134187,3070,3316,303,9680,112884,0Crowbarred
15596,GLLBaseLine,accept,8508,5160,29081,1602,1975,191,3032,17531,0Crowbarred
15596,GLLBaseLine,accept,8508,5160,29081,1602,1975,191,3032,17531,0Crowbarred
15633,GLLBaseLine,accept,10922,8154,75277,2099,2506,303,6574,60725,0Crowbarred
15633,GLLBaseLine,accept,10922,8154,75277,2099,2506,303,6574,60725,0Crowbarred
36338,GLLBaseLine,accept,23388,15145,68287,6329,3931,447,5084,31251,0Crowbarred
36338,GLLBaseLine,accept,23388,15145,68287,6329,3931,447,5084,31251,0Crowbarred
8276,GLLBaseLine,accept,4746,3907,23966,800,1038,160,2987,17353,0Crowbarred
8276,GLLBaseLine,accept,4746,3907,23966,800,1038,160,2987,17353,0Crowbarred
37199,GLLBaseLine,accept,20095,21058,159299,3223,3851,696,15470,129651,0Crowbarred
37199,GLLBaseLine,accept,20095,21058,159299,3223,3851,696,15470,129651,0Crowbarred
48820,GLLBaseLine,accept,38119,28146,543762,6173,7565,476,26425,495925,0Crowbarred
48820,GLLBaseLine,accept,38119,28146,543762,6173,7565,476,26425,495925,0Crowbarred
7624,GLLBaseLine,accept,6001,5238,50894,771,701,460,6734,44717,0Crowbarred
7624,GLLBaseLine,accept,6001,5238,50894,771,701,460,6734,44717,0Crowbarred
11046,GLLBaseLine,accept,7344,5637,58941,1099,1341,265,6036,50283,0Crowbarred
11046,GLLBaseLine,accept,7344,5637,58941,1099,1341,265,6036,50283,0Crowbarred
19232,GLLBaseLine,accept,7555,4738,28266,1693,1599,154,2686,17626,0Crowbarred
19232,GLLBaseLine,accept,7555,4738,28266,1693,1599,154,2686,17626,0Crowbarred
10003,GLLBaseLine,accept,9004,5168,23179,1644,2131,287,2666,10805,0Crowbarred
10003,GLLBaseLine,accept,9004,5168,23179,1644,2131,287,2666,10805,0Crowbarred
29033,GLLBaseLine,accept,15654,9646,60676,3252,3446,396,5322,38931,0Crowbarred
29033,GLLBaseLine,accept,15654,9646,60676,3252,3446,396,5322,38931,0Crowbarred
28047,GLLBaseLine,accept,84356,83801,7206197,2505,2158,1218,151993,7149248,0Crowbarred
28047,GLLBaseLine,accept,84356,83801,7206197,2505,2158,1218,151993,7149248,0Crowbarred
67318,GLLBaseLine,accept,41645,33095,355392,6300,6487,1823,34308,302732,0Crowbarred
67318,GLLBaseLine,accept,41645,33095,355392,6300,6487,1823,34308,302732,0Crowbarred
20994,GLLBaseLine,accept,13155,8269,42894,3000,2572,461,3970,24289,0Crowbarred
20994,GLLBaseLine,accept,13155,8269,42894,3000,2572,461,3970,24289,0Crowbarred
5490,GLLBaseLine,accept,3521,2623,19984,512,709,170,2686,15782,0Crowbarred
5490,GLLBaseLine,accept,3521,2623,19984,512,709,170,2686,15782,0Crowbarred
20692,GLLBaseLine,accept,65148,62229,3582076,3096,2154,1512,110340,3544530,0Crowbarred
20692,GLLBaseLine,accept,65148,62229,3582076,3096,2154,1512,110340,3544530,0Crowbarred
5125,GLLBaseLine,accept,3074,2234,18295,424,527,156,2581,15032,0Crowbarred
5125,GLLBaseLine,accept,3074,2234,18295,424,527,156,2581,15032,0Crowbarred
31940,GLLBaseLine,accept,37088,31337,1201084,3090,4102,806,47344,1167985,0Crowbarred
31940,GLLBaseLine,accept,37088,31337,1201084,3090,4102,806,47344,1167985,0Crowbarred
8481,GLLBaseLine,accept,6322,4247,23311,1295,1063,258,3346,14943,0Crowbarred
8481,GLLBaseLine,accept,6322,4247,23311,1295,1063,258,3346,14943,0Crowbarred
3393,GLLBaseLine,accept,3364,2879,38909,415,220,148,4246,35643,0Crowbarred
3393,GLLBaseLine,accept,3364,2879,38909,415,220,148,4246,35643,0Crowbarred
1797,GLLBaseLine,accept,2336,1791,16830,302,264,119,2280,14256,0Crowbarred
1797,GLLBaseLine,accept,2336,1791,16830,302,264,119,2280,14256,0Crowbarred
1796,GLLBaseLine,accept,2225,1686,14529,302,266,122,2060,11998,0Crowbarred
1796,GLLBaseLine,accept,2225,1686,14529,302,266,122,2060,11998,0Crowbarred
19104,GLLBaseLine,accept,8925,4617,28582,1170,2174,76,2544,16828,0Crowbarred
19104,GLLBaseLine,accept,8925,4617,28582,1170,2174,76,2544,16828,0Crowbarred
28285,GLLBaseLine,accept,35406,28669,342765,4810,2906,1511,39650,306512,0Crowbarred
28285,GLLBaseLine,accept,35406,28669,342765,4810,2906,1511,39650,306512,0Crowbarred
4236,GLLBaseLine,accept,4537,3553,43188,558,381,194,4432,37945,0Crowbarred
4236,GLLBaseLine,accept,4537,3553,43188,558,381,194,4432,37945,0Crowbarred
2252,GLLBaseLine,accept,2047,1724,17047,285,172,111,2326,14857,0Crowbarred
2252,GLLBaseLine,accept,2047,1724,17047,285,172,111,2326,14857,0Crowbarred
12012,GLLBaseLine,accept,6844,4326,22203,1172,1628,329,2981,13290,0Crowbarred
12012,GLLBaseLine,accept,6844,4326,22203,1172,1628,329,2981,13290,0Crowbarred
8115,GLLBaseLine,accept,6770,4454,34461,1226,1171,212,3800,25789,0Crowbarred
8115,GLLBaseLine,accept,6770,4454,34461,1226,1171,212,3800,25789,0Crowbarred
58835,GLLBaseLine,accept,43205,33332,239120,7124,7311,3122,33319,186965,0Crowbarred
58835,GLLBaseLine,accept,43205,33332,239120,7124,7311,3122,33319,186965,0Crowbarred
6891,GLLBaseLine,accept,4049,3018,20548,695,729,153,2722,15461,0Crowbarred
6891,GLLBaseLine,accept,4049,3018,20548,695,729,153,2722,15461,0Crowbarred
5886,GLLBaseLine,accept,4803,2954,15436,965,814,158,2032,8898,0Crowbarred
5886,GLLBaseLine,accept,4803,2954,15436,965,814,158,2032,8898,0Crowbarred
3714,GLLBaseLine,accept,3550,2435,18920,606,493,161,2448,14540,0Crowbarred
3714,GLLBaseLine,accept,3550,2435,18920,606,493,161,2448,14540,0Crowbarred
3385,GLLBaseLine,accept,3587,2511,20291,637,421,156,2573,15856,0Crowbarred
3385,GLLBaseLine,accept,3587,2511,20291,637,421,156,2573,15856,0Crowbarred
9697,GLLBaseLine,accept,16309,13863,394773,1448,1357,411,21314,380235,0Crowbarred
9697,GLLBaseLine,accept,16309,13863,394773,1448,1357,411,21314,380235,0Crowbarred
3763,GLLBaseLine,accept,3845,2970,31099,594,425,166,3602,26741,0Crowbarred
3763,GLLBaseLine,accept,3845,2970,31099,594,425,166,3602,26741,0Crowbarred
3854,GLLBaseLine,accept,4041,3110,33236,599,456,165,3803,28686,0Crowbarred
3854,GLLBaseLine,accept,4041,3110,33236,599,456,165,3803,28686,0Crowbarred
2012,GLLBaseLine,accept,1684,2190,19232,181,228,60,2440,17277,0Crowbarred
2012,GLLBaseLine,accept,1684,2190,19232,181,228,60,2440,17277,0Crowbarred
5356,GLLBaseLine,accept,4997,2957,16625,988,893,163,1996,9944,0Crowbarred
5356,GLLBaseLine,accept,4997,2957,16625,988,893,163,1996,9944,0Crowbarred
9726,GLLBaseLine,accept,6988,4990,25160,1151,1307,456,4088,15518,0Crowbarred
9726,GLLBaseLine,accept,6988,4990,25160,1151,1307,456,4088,15518,0Crowbarred
2068,GLLBaseLine,accept,1582,1342,10765,180,218,107,1689,9011,0Crowbarred
2068,GLLBaseLine,accept,1582,1342,10765,180,218,107,1689,9011,0Crowbarred
8187,GLLBaseLine,accept,4412,3016,18194,767,900,241,2671,12732,0Crowbarred
8187,GLLBaseLine,accept,4412,3016,18194,767,900,241,2671,12732,0Crowbarred
5054,GLLBaseLine,accept,4440,2856,18270,807,773,213,2308,12528,0Crowbarred
5054,GLLBaseLine,accept,4440,2856,18270,807,773,213,2308,12528,0Crowbarred
4684,GLLBaseLine,accept,5405,3430,26124,962,894,176,2934,19235,0Crowbarred
4684,GLLBaseLine,accept,5405,3430,26124,962,894,176,2934,19235,0Crowbarred
2728,GLLBaseLine,accept,2341,1711,14651,347,294,101,2054,11989,0Crowbarred
2728,GLLBaseLine,accept,2341,1711,14651,347,294,101,2054,11989,0Crowbarred
4764,GLLBaseLine,accept,5216,3958,42026,707,766,219,4534,36039,0Crowbarred
4764,GLLBaseLine,accept,5216,3958,42026,707,766,219,4534,36039,0Crowbarred
2241,GLLBaseLine,accept,3101,2536,31385,319,326,135,3630,28315,0Crowbarred
2241,GLLBaseLine,accept,3101,2536,31385,319,326,135,3630,28315,0Crowbarred
2432,GLLBaseLine,accept,3273,2670,33546,344,346,140,3802,30293,0Crowbarred
2432,GLLBaseLine,accept,3273,2670,33546,344,346,140,3802,30293,0Crowbarred
