4305,GLLBaseLine,accept,3129,1836,6717,685,590,141,3299,5707,0,2897,1482,4612,685,590,55,0,0,2759,1104.179
4799,GLLBaseLine,accept,2974,1790,5698,819,604,70,2294,3832,0,2841,1531,4543,819,604,31,0,0,1658,434.985
2119,GLLBaseLine,accept,1014,662,2207,232,179,94,1435,2066,0,888,484,1414,232,179,38,0,0,920,154.956
2044,GLLBaseLine,accept,1788,1059,4745,332,381,49,2501,6507,0,1575,805,2481,332,381,20,0,0,3684,1459.188
322,GLLBaseLine,accept,250,165,499,56,64,9,504,829,0,232,127,363,56,64,4,0,0,448,35.042
828,GLLBaseLine,accept,505,361,1201,111,140,22,688,1194,0,425,264,692,111,140,10,0,0,576,58.351
570,GLLBaseLine,accept,353,219,672,79,81,18,391,594,0,329,171,506,79,81,7,0,0,313,22.487
1193,GLLBaseLine,accept,616,476,1561,136,175,19,1925,4504,0,567,351,964,136,175,10,0,0,2341,659.825
377,GLLBaseLine,accept,265,175,573,58,54,11,462,792,0,252,134,409,58,54,5,0,0,424,35.856
350,GLLBaseLine,accept,258,167,558,55,49,11,574,976,0,233,115,359,55,49,5,0,0,515,45.956
350,GLLBaseLine,accept,335,230,700,70,91,13,749,1334,0,313,181,511,70,91,7,0,0,717,99.435
1035,GLLBaseLine,accept,569,432,1470,121,146,19,2513,5896,0,517,307,865,121,146,10,0,0,3250,1291.237
585,GLLBaseLine,accept,379,244,768,82,85,20,531,880,0,345,180,533,82,85,9,0,0,452,37.822
427,GLLBaseLine,accept,324,258,941,56,67,17,1176,2526,0,286,166,501,56,67,9,0,0,1350,228.047
2092,GLLBaseLine,accept,1177,832,2460,294,297,55,2469,3719,0,1106,725,1938,294,297,22,0,0,1182,359.622
1708,GLLBaseLine,accept,568,594,1308,180,224,76,2364,2831,0,556,576,1241,180,224,69,0,0,619,178.974
440,GLLBaseLine,accept,144,155,354,44,56,29,366,442,0,134,137,290,44,56,23,0,0,104,11.814
719,GLLBaseLine,accept,255,270,804,76,82,33,1388,1983,0,222,221,492,76,82,21,0,0,537,100.394
134,GLLBaseLine,accept,38,35,91,10,12,7,157,177,0,30,23,53,10,12,2,0,0,45,2.827
379,GLLBaseLine,accept,145,127,420,35,33,25,1092,1464,0,115,85,206,35,33,15,0,0,374,58.712
498,GLLBaseLine,accept,140,171,398,39,45,27,546,672,0,123,127,257,39,45,19,0,0,198,21.584
256,GLLBaseLine,accept,104,95,277,25,30,21,557,694,0,88,69,161,25,30,13,0,0,165,19.352
1105,GLLBaseLine,accept,748,523,1860,176,88,18,420,662,0,700,461,1571,176,88,7,0,0,305,25.889
355,GLLBaseLine,accept,135,102,304,32,28,11,247,327,0,114,62,180,32,28,2,0,0,157,11.574
306,GLLBaseLine,accept,250,165,499,56,64,9,504,829,0,232,127,363,56,64,4,0,0,448,38.271
274,GLLBaseLine,accept,219,151,501,42,46,11,525,900,0,204,106,328,42,46,6,0,0,478,61.713
554,GLLBaseLine,accept,353,219,672,79,81,18,391,594,0,329,171,506,79,81,7,0,0,313,36.904
1123,GLLBaseLine,accept,616,476,1561,136,175,19,1925,4504,0,567,351,964,136,175,10,0,0,2341,708.718
361,GLLBaseLine,accept,265,175,573,58,54,11,462,792,0,252,134,409,58,54,5,0,0,424,39.137
338,GLLBaseLine,accept,258,167,558,55,49,11,574,976,0,233,115,359,55,49,5,0,0,515,46.308
272,GLLBaseLine,accept,219,151,501,42,46,11,525,900,0,204,106,328,42,46,6,0,0,478,42.171
261,GLLBaseLine,accept,258,174,566,55,52,12,749,1334,0,240,126,381,55,52,7,0,0,705,90.225
342,GLLBaseLine,accept,335,230,700,70,91,13,749,1334,0,313,181,511,70,91,7,0,0,717,87.173
281,GLLBaseLine,accept,205,131,388,47,53,8,350,529,0,188,103,292,47,53,4,0,0,280,20.639
151,GLLBaseLine,accept,106,76,234,21,25,7,273,407,0,100,52,158,21,25,4,0,0,211,13.840
977,GLLBaseLine,accept,569,432,1470,121,146,19,2513,5896,0,517,307,865,121,146,10,0,0,3250,1307.447
770,GLLBaseLine,accept,517,351,1230,105,109,17,1904,4265,0,480,251,777,105,109,8,0,0,2306,576.301
569,GLLBaseLine,accept,379,244,768,82,85,20,531,880,0,345,180,533,82,85,9,0,0,452,42.787
407,GLLBaseLine,accept,324,258,941,56,67,17,1176,2526,0,286,166,501,56,67,9,0,0,1350,241.353
1988,GLLBaseLine,accept,1388,741,2481,248,359,43,1360,2928,0,1318,648,2004,248,359,17,0,0,1383,297.695
1876,GLLBaseLine,accept,979,791,2753,162,247,111,1675,2709,0,752,504,1292,162,247,61,0,0,1354,307.431
4582,GLLBaseLine,accept,1803,1290,3106,768,513,3,3612,4393,0,1801,1282,3085,768,513,2,0,0,2204,979.026
4563,GLLBaseLine,accept,1796,1285,3094,765,511,3,3598,4376,0,1791,1276,3067,765,511,1,0,0,2187,922.021
4576,GLLBaseLine,accept,1803,1290,3106,767,514,3,3612,4393,0,1801,1282,3085,767,514,2,0,0,2206,899.485
117,GLLBaseLine,accept,46,43,109,9,13,11,158,177,0,41,32,77,9,13,7,0,0,41,3.035
84,GLLBaseLine,accept,32,33,83,7,11,9,118,133,0,27,22,51,7,11,5,0,0,34,2.208
130,GLLBaseLine,accept,60,35,96,15,19,0,14,14,0,60,35,96,15,19,0,0,0,6,0.508
552,GLLBaseLine,accept,160,160,346,62,61,32,862,976,0,153,146,301,62,61,27,0,0,192,31.656
1060,GLLBaseLine,accept,852,563,2797,143,124,45,1535,3255,0,641,319,1015,143,124,20,0,0,1715,413.617
1993,GLLBaseLine,accept,2378,1678,5221,777,407,74,2187,5325,0,2245,1498,4166,777,407,30,0,0,2682,984.306
342,GLLBaseLine,accept,94,96,222,30,33,19,213,248,0,84,81,171,30,33,13,0,0,62,4.563
631,GLLBaseLine,accept,507,309,1015,85,114,7,826,1497,0,492,269,874,85,114,4,0,0,772,91.670
538,GLLBaseLine,accept,138,143,329,48,52,18,331,398,0,130,127,271,48,52,12,0,0,98,10.285
1371,GLLBaseLine,accept,1163,764,2742,272,210,63,2169,5150,0,1059,618,1796,272,210,36,0,0,2680,842.272
518,GLLBaseLine,accept,189,182,698,38,43,31,1245,1840,0,138,117,269,38,43,17,0,0,555,89.114
712,GLLBaseLine,accept,226,424,1023,63,67,27,2978,4574,0,193,278,507,63,67,17,0,0,1500,585.973
186,GLLBaseLine,accept,71,69,195,16,20,18,358,435,0,60,49,113,16,20,11,0,0,98,11.068
95,GLLBaseLine,accept,25,29,67,7,11,6,102,113,0,21,20,43,7,11,3,0,0,30,1.607
276,GLLBaseLine,accept,748,1012,2259,503,33,6,273,431,0,733,977,2149,503,33,3,0,0,219,15.838
407,GLLBaseLine,accept,185,154,500,35,38,32,934,1227,0,161,119,306,35,38,21,0,0,305,42.525
589,GLLBaseLine,accept,213,199,811,45,49,33,1730,2613,0,174,140,336,45,49,19,0,0,786,173.151
2435,GLLBaseLine,accept,1416,977,4461,291,214,115,2358,4862,0,1113,610,1772,291,214,48,0,0,2450,906.635
818,GLLBaseLine,accept,304,303,1209,73,80,50,2588,4007,0,216,198,423,73,80,33,0,0,1249,376.604
5585,GLLBaseLine,accept,2916,1820,5862,673,646,130,3187,5419,0,2721,1515,4400,673,646,57,0,0,2432,1055.566
1422,GLLBaseLine,accept,836,651,1935,186,202,82,1166,1600,0,736,458,1241,186,202,37,0,0,643,117.852
379,GLLBaseLine,accept,268,180,519,75,50,7,270,379,0,262,150,435,75,50,5,0,0,189,13.853
520,GLLBaseLine,accept,191,190,455,49,63,22,220,255,0,181,175,404,49,63,16,0,0,64,5.129
753,GLLBaseLine,accept,216,217,766,52,54,33,2188,3161,0,163,151,337,52,54,19,0,0,952,262.175
182,GLLBaseLine,accept,68,70,191,14,17,13,310,377,0,59,53,130,14,17,7,0,0,89,8.430
215,GLLBaseLine,accept,133,154,430,26,36,18,285,418,0,109,82,207,26,36,8,0,0,184,15.258
296,GLLBaseLine,accept,125,112,297,29,36,23,476,583,0,108,88,201,29,36,15,0,0,141,15.785
3586,GLLBaseLine,accept,2726,1773,6470,558,577,88,1595,4010,0,2637,1509,4584,558,577,44,0,0,2230,666.596
1088,GLLBaseLine,accept,467,336,1217,85,91,47,1088,1564,0,374,217,605,85,91,23,0,0,540,81.026
581,GLLBaseLine,accept,552,309,1053,96,113,7,44,54,0,547,301,1023,96,113,3,0,0,23,1.173
2615,GLLBaseLine,accept,1900,1163,4299,447,418,74,2279,4480,0,1733,949,2830,447,418,32,0,0,2224,778.068
379,GLLBaseLine,accept,155,135,357,33,44,26,637,788,0,139,112,264,33,44,18,0,0,174,23.210
597,GLLBaseLine,accept,193,186,632,48,50,32,1908,2725,0,159,139,312,48,50,19,0,0,749,160.830
961,GLLBaseLine,accept,435,395,1720,96,89,61,3510,5973,0,401,329,937,96,89,43,0,0,1884,767.940
509,GLLBaseLine,accept,140,138,366,39,40,23,1187,1530,0,124,114,251,39,40,14,0,0,393,60.642
3021,GLLBaseLine,accept,1966,1283,3842,536,482,43,3049,4610,0,1864,1126,3077,536,482,18,0,0,1815,653.111
473,GLLBaseLine,accept,147,151,406,47,51,32,438,578,0,135,126,273,47,51,23,0,0,151,16.339
584,GLLBaseLine,accept,1024,989,3840,159,302,18,1372,5048,0,973,732,2002,159,302,17,0,0,3162,844.266
522,GLLBaseLine,accept,308,295,1283,45,61,21,596,1792,0,268,189,521,45,61,15,0,0,942,121.876
212,GLLBaseLine,accept,88,89,285,20,25,19,526,691,0,63,53,118,20,25,10,0,0,181,20.886
361,GLLBaseLine,accept,221,134,448,47,38,11,246,426,0,204,94,309,47,38,4,0,0,228,13.668
412,GLLBaseLine,accept,449,707,3829,32,66,30,1895,6524,0,279,287,738,32,66,23,0,0,4070,1641.110
131,GLLBaseLine,accept,40,41,107,9,13,11,182,209,0,34,28,65,9,13,6,0,0,48,3.644
266,GLLBaseLine,accept,127,97,305,23,21,19,606,740,0,118,78,228,23,21,12,0,0,165,22.677
72,GLLBaseLine,accept,28,28,70,5,9,7,86,96,0,24,19,46,5,9,4,0,0,26,1.494
290,GLLBaseLine,accept,95,95,271,25,29,18,525,664,0,86,75,179,25,29,10,0,0,155,18.092
1814,GLLBaseLine,accept,310,397,747,168,173,50,1894,2056,0,302,380,687,168,173,44,0,0,384,111.325
1186,GLLBaseLine,accept,328,345,1082,96,109,52,3533,5406,0,276,278,579,96,109,37,0,0,1566,495.719
353,GLLBaseLine,accept,290,182,559,65,72,9,504,829,0,276,146,431,65,72,5,0,0,431,36.695
592,GLLBaseLine,accept,386,233,720,84,91,18,391,594,0,363,188,561,84,91,8,0,0,302,23.974
1241,GLLBaseLine,accept,716,519,1711,157,197,19,1925,4504,0,638,377,1034,157,197,9,0,0,2532,724.678
1092,GLLBaseLine,accept,681,480,1638,145,170,19,2513,5896,0,644,364,1072,145,170,10,0,0,3311,1221.188
770,GLLBaseLine,accept,517,351,1230,105,109,17,1904,4265,0,480,251,777,105,109,8,0,0,2306,633.168
616,GLLBaseLine,accept,419,261,826,88,97,20,517,863,0,391,205,615,88,97,9,0,0,450,45.117
434,GLLBaseLine,accept,342,267,971,62,67,17,1176,2526,0,303,166,511,62,67,9,0,0,1342,259.985
3441,GLLBaseLine,accept,995,544,2032,177,189,29,911,2104,0,942,415,1412,177,189,14,0,0,1144,180.483
516,GLLBaseLine,accept,217,183,727,42,37,35,1718,2483,0,190,137,383,42,37,21,0,0,689,138.334
1747,GLLBaseLine,accept,667,696,2051,180,205,93,2942,4748,0,582,596,1375,180,205,77,0,0,1568,520.544
160,GLLBaseLine,accept,138,99,301,24,35,6,189,319,0,129,71,209,24,35,5,0,0,166,10.797
5029,GLLBaseLine,accept,4127,2445,10240,786,940,172,3044,6913,0,3853,2025,6414,786,940,77,0,0,3485,1943.894
4015,GLLBaseLine,accept,2898,1764,7810,547,644,125,1956,4839,0,2575,1374,4174,547,644,62,0,0,2691,966.744
1065,GLLBaseLine,accept,434,433,1612,106,148,30,2670,4346,0,352,331,727,106,148,13,0,0,1387,484.672
266,GLLBaseLine,accept,135,113,374,29,25,15,1110,1487,0,111,78,210,29,25,6,0,0,375,58.469
522,GLLBaseLine,accept,196,166,411,45,54,22,221,253,0,190,153,369,45,54,17,0,0,60,5.289
2428,GLLBaseLine,accept,1548,1302,5274,290,278,72,1695,5134,0,1481,1065,3147,290,278,38,0,0,2948,1008.863
389,GLLBaseLine,accept,284,297,1076,44,42,26,776,1496,0,204,127,351,44,42,16,0,0,761,91.209
610,GLLBaseLine,accept,207,209,909,49,47,32,2046,3124,0,145,127,291,49,47,17,0,0,945,245.574
557,GLLBaseLine,accept,267,257,1246,45,55,45,2086,3433,0,216,176,448,45,55,28,0,0,1135,313.166
200,GLLBaseLine,accept,82,82,214,19,24,15,310,377,0,71,65,150,19,24,8,0,0,91,9.575
624,GLLBaseLine,accept,259,254,925,59,67,42,1990,2905,0,189,168,373,59,67,28,0,0,844,204.018
265,GLLBaseLine,accept,82,88,206,24,34,11,373,438,0,76,75,164,24,34,6,0,0,95,11.382
1983,GLLBaseLine,accept,1488,1575,5495,120,119,59,2748,6011,0,1379,1291,3436,120,119,56,0,0,3062,1327.209
398,GLLBaseLine,accept,133,124,347,34,35,15,948,1210,0,119,101,257,34,35,8,0,0,294,43.220
98,GLLBaseLine,accept,29,28,71,6,10,6,69,78,0,22,18,41,6,10,2,0,0,30,1.290
76,GLLBaseLine,accept,24,21,54,6,7,4,45,53,0,22,15,39,6,7,3,0,0,26,1.052
303,GLLBaseLine,accept,69,79,256,18,23,13,462,610,0,54,50,114,18,23,4,0,0,158,16.839
411,GLLBaseLine,accept,176,205,636,33,41,25,457,765,0,125,100,246,33,41,9,0,0,351,51.368
5639,GLLBaseLine,accept,2762,1525,4834,583,642,71,3111,4411,0,2632,1311,4005,583,642,30,0,0,1690,627.049
3445,GLLBaseLine,accept,2332,1568,5439,578,393,95,3365,5644,0,2077,1149,3392,578,393,44,0,0,2558,1005.951
2733,GLLBaseLine,accept,1521,929,3008,367,282,58,2072,3014,0,1389,718,2184,367,282,23,0,0,1329,336.570
4485,GLLBaseLine,accept,3711,3426,9949,1384,424,137,2300,4046,0,3458,3026,7555,1384,424,48,0,0,1986,599.796
2278,GLLBaseLine,accept,1306,841,2664,296,267,73,1479,1962,0,1179,644,1896,296,267,28,0,0,745,142.788
2397,GLLBaseLine,accept,1313,806,2541,305,259,58,1248,1644,0,1198,620,1878,305,259,21,0,0,665,106.202
2608,GLLBaseLine,accept,945,1292,3580,262,292,71,3665,6298,0,731,801,1599,262,292,32,0,0,2822,1172.672
812,GLLBaseLine,accept,367,537,1674,66,63,27,3553,5516,0,342,436,1295,66,63,18,0,0,1867,613.982
413,GLLBaseLine,accept,98,102,278,30,33,19,861,1089,0,85,78,170,30,33,11,0,0,261,37.292
375,GLLBaseLine,accept,108,101,253,29,30,14,677,784,0,99,87,205,29,30,8,0,0,161,23.395
313,GLLBaseLine,accept,71,69,179,21,23,12,444,531,0,60,52,114,21,23,5,0,0,124,14.495
580,GLLBaseLine,accept,179,169,546,45,46,29,1483,2021,0,150,125,289,45,46,18,0,0,523,89.768
451,GLLBaseLine,accept,186,176,458,49,55,28,1285,1640,0,175,154,354,49,55,20,0,0,381,67.036
806,GLLBaseLine,accept,355,335,1433,69,76,52,2939,4705,0,299,248,616,69,76,35,0,0,1522,563.633
1507,GLLBaseLine,accept,1114,621,2267,224,216,48,946,1696,0,1009,480,1542,224,216,19,0,0,851,117.680
505,GLLBaseLine,accept,229,210,672,50,54,28,1411,2036,0,190,160,394,50,54,16,0,0,570,87.236
206,GLLBaseLine,accept,67,62,169,15,18,15,310,364,0,58,45,108,15,18,9,0,0,80,7.701
492,GLLBaseLine,accept,112,113,286,37,38,15,916,1158,0,98,90,196,37,38,8,0,0,274,42.214
127,GLLBaseLine,accept,52,44,117,11,14,10,158,177,0,47,33,85,11,14,6,0,0,43,2.956
461,GLLBaseLine,accept,130,135,343,45,47,25,477,596,0,110,107,218,45,47,16,0,0,152,16.187
384,GLLBaseLine,accept,165,172,494,46,60,15,1254,1694,0,146,142,318,46,60,4,0,0,408,74.711
87,GLLBaseLine,accept,30,32,81,7,10,8,126,143,0,22,20,43,7,10,3,0,0,37,1.997
522,GLLBaseLine,accept,310,274,764,76,97,17,1230,1639,0,285,237,562,76,97,6,0,0,393,69.394
437,GLLBaseLine,accept,190,191,582,47,52,38,1126,1526,0,162,150,333,47,52,26,0,0,410,61.877
5800,GLLBaseLine,accept,46,50,158,4,6,6,105,185,0,40,22,69,4,6,5,0,0,98,4.087
853,GLLBaseLine,accept,532,370,1084,118,156,29,629,838,0,483,301,804,118,156,9,0,0,334,39.461
2465,GLLBaseLine,accept,363,547,1068,232,235,31,4174,4687,0,347,519,899,232,235,20,0,0,918,502.332
732,GLLBaseLine,accept,227,299,871,55,65,36,1301,1955,0,177,196,398,55,65,23,0,0,606,113.729
307,GLLBaseLine,accept,82,77,216,22,23,15,573,713,0,65,53,120,22,23,7,0,0,168,19.957
183,GLLBaseLine,accept,69,59,150,16,21,10,205,231,0,64,48,118,16,21,6,0,0,54,4.543
347,GLLBaseLine,accept,250,244,1352,43,42,35,1765,2906,0,196,157,418,43,42,17,0,0,989,230.246
750,GLLBaseLine,accept,296,294,913,70,80,30,1570,2294,0,258,239,573,70,80,16,0,0,636,134.473
347,GLLBaseLine,accept,345,281,975,56,75,19,553,1303,0,306,171,505,56,75,11,0,0,752,96.928
963,GLLBaseLine,accept,497,397,945,211,159,5,2604,4049,0,487,373,864,211,159,2,0,0,2113,672.122
561,GLLBaseLine,accept,307,212,570,77,105,8,651,1001,0,300,189,495,77,105,5,0,0,524,52.586
508,GLLBaseLine,accept,272,189,512,66,94,7,539,832,0,260,163,425,66,94,3,0,0,427,38.814
90,GLLBaseLine,accept,35,31,84,8,9,4,134,147,0,31,22,60,8,9,1,0,0,37,2.156
455,GLLBaseLine,accept,343,327,1858,54,57,55,3198,5632,0,293,244,710,54,57,34,0,0,1841,682.107
3189,GLLBaseLine,accept,1823,1020,3275,427,378,57,458,763,0,1754,927,2805,427,378,28,0,0,360,34.532
507,GLLBaseLine,accept,233,270,686,49,52,36,1453,1770,0,219,243,566,49,52,29,0,0,367,69.046
428,GLLBaseLine,accept,143,129,305,37,46,16,133,150,0,135,117,267,37,46,11,0,0,41,2.511
459,GLLBaseLine,accept,119,125,303,41,47,14,379,461,0,103,102,210,41,47,6,0,0,112,12.562
377,GLLBaseLine,accept,100,125,263,45,52,17,349,414,0,93,110,208,45,52,11,0,0,93,10.949
338,GLLBaseLine,accept,72,67,178,21,22,11,476,579,0,60,49,111,21,22,4,0,0,136,14.402
568,GLLBaseLine,accept,175,228,578,42,42,19,1305,1809,0,149,146,354,42,42,10,0,0,524,88.037
798,GLLBaseLine,accept,281,292,1083,61,63,39,2596,4171,0,238,226,523,61,63,24,0,0,1313,435.723
3348,GLLBaseLine,accept,1806,1153,3528,469,409,44,1238,2372,0,1734,1019,2885,469,409,20,0,0,1212,223.775
2474,GLLBaseLine,accept,1280,813,2454,301,319,35,910,1696,0,1223,704,1997,301,319,16,0,0,901,118.840
370,GLLBaseLine,accept,211,173,645,45,37,31,2045,3013,0,177,124,322,45,37,18,0,0,890,221.592
197,GLLBaseLine,accept,91,92,236,21,29,7,342,398,0,84,78,191,21,29,2,0,0,88,9.396
250,GLLBaseLine,accept,98,86,266,21,23,18,582,749,0,84,62,154,21,23,9,0,0,186,23.804
239,GLLBaseLine,accept,100,103,396,20,23,20,550,767,0,75,64,156,20,23,9,0,0,210,23.727
781,GLLBaseLine,accept,349,326,1866,55,54,52,3510,6229,0,305,228,727,55,54,31,0,0,2051,722.155
130,GLLBaseLine,accept,57,58,140,12,20,10,174,194,0,52,47,108,12,20,6,0,0,45,3.532
760,GLLBaseLine,accept,388,255,782,86,99,14,395,696,0,356,198,565,86,99,6,0,0,378,29.760
1074,GLLBaseLine,accept,308,335,1148,92,99,44,3245,4966,0,228,240,486,92,99,28,0,0,1393,474.081
5444,GLLBaseLine,accept,4140,2715,7920,1195,830,65,3179,5441,0,4032,2486,6873,1195,830,23,0,0,2356,908.727
2047,GLLBaseLine,accept,1396,1084,4035,311,217,47,1204,3241,0,1345,866,2622,311,217,29,0,0,1766,362.192
728,GLLBaseLine,accept,219,361,861,60,63,26,2450,3594,0,182,210,459,60,63,15,0,0,1145,335.462
289,GLLBaseLine,accept,166,147,466,32,37,32,997,1326,0,133,104,246,32,37,21,0,0,329,50.439
527,GLLBaseLine,accept,263,244,1004,57,56,40,3126,4956,0,217,179,451,57,56,24,0,0,1457,512.227
1652,GLLBaseLine,accept,1247,853,3204,244,294,77,1374,2855,0,1038,580,1646,244,294,32,0,0,1539,349.467
1550,GLLBaseLine,accept,1327,775,4010,224,197,36,1692,4662,0,1052,474,1573,224,197,14,0,0,2613,750.091
79,GLLBaseLine,accept,48,50,128,7,11,9,118,130,0,44,41,104,7,11,6,0,0,32,1.737
223,GLLBaseLine,accept,80,85,252,20,21,15,382,488,0,67,63,150,20,21,6,0,0,114,13.437
1698,GLLBaseLine,accept,327,388,1113,123,133,67,1094,1626,0,289,333,654,123,133,53,0,0,499,83.540
403,GLLBaseLine,accept,151,127,473,33,32,20,690,911,0,123,84,224,33,32,8,0,0,233,33.866
352,GLLBaseLine,accept,146,142,538,31,35,27,1021,1454,0,97,81,181,31,35,14,0,0,425,57.939
310,GLLBaseLine,accept,279,291,954,48,58,12,931,2311,0,263,216,579,48,58,11,0,0,1278,201.281
239,GLLBaseLine,accept,222,243,847,35,39,12,763,1979,0,199,146,407,35,39,11,0,0,1073,138.105
146,GLLBaseLine,accept,100,82,244,18,24,6,147,252,0,95,56,162,18,24,5,0,0,130,6.577
116,GLLBaseLine,accept,55,38,106,12,17,3,56,75,0,53,30,85,12,17,2,0,0,37,1.336
428,GLLBaseLine,accept,195,192,985,35,34,32,1494,2387,0,132,108,271,35,34,16,0,0,836,150.158
287,GLLBaseLine,accept,128,124,446,27,31,25,910,1282,0,108,89,218,27,31,14,0,0,359,47.392
580,GLLBaseLine,accept,415,530,2137,60,71,21,1085,3134,0,389,358,1010,60,71,18,0,0,1818,368.196
46,GLLBaseLine,accept,19,13,32,7,7,0,14,14,0,19,13,32,7,7,0,0,0,6,0.438
105,GLLBaseLine,accept,57,48,131,13,16,6,168,218,0,50,31,83,13,16,3,0,0,107,5.966
460,GLLBaseLine,accept,165,153,428,42,53,28,755,978,0,146,122,275,42,53,19,0,0,239,32.321
2778,GLLBaseLine,accept,2618,1603,5828,508,520,116,2469,5297,0,2469,1281,4013,508,520,55,0,0,2764,1029.020
3488,GLLBaseLine,accept,2612,1673,5561,504,644,101,1984,3632,0,2509,1404,4156,504,644,52,0,0,1815,519.698
750,GLLBaseLine,accept,235,387,921,66,71,27,2034,2988,0,193,228,450,66,71,15,0,0,960,224.256
203,GLLBaseLine,accept,95,70,211,23,17,11,542,639,0,86,53,150,23,17,5,0,0,139,16.975
13759,GLLBaseLine,accept,6065,3343,11001,1194,1559,170,2428,4186,0,5786,2942,8881,1194,1559,83,0,0,1940,676.251
3737,GLLBaseLine,accept,3416,1767,5800,731,766,111,1301,1906,0,3298,1587,5051,731,766,42,0,0,822,173.120
103,GLLBaseLine,accept,30,32,81,7,10,8,126,143,0,22,20,43,7,10,3,0,0,37,2.231
1504,GLLBaseLine,accept,387,351,1063,121,106,57,1525,2312,0,333,282,628,121,106,44,0,0,690,140.486
334,GLLBaseLine,accept,244,212,745,44,48,36,1566,2229,0,211,166,438,44,48,23,0,0,584,121.094
1428,GLLBaseLine,accept,978,622,1999,230,207,52,1544,2283,0,918,524,1512,230,207,30,0,0,913,199.714
67,GLLBaseLine,accept,28,28,70,5,9,7,86,96,0,24,19,46,5,9,4,0,0,26,1.589
530,GLLBaseLine,accept,126,133,406,34,42,22,733,979,0,93,90,186,34,42,11,0,0,258,34.376
1401,GLLBaseLine,accept,534,535,1287,175,197,83,797,1114,0,505,495,1035,175,197,71,0,0,313,45.242
747,GLLBaseLine,accept,419,348,1389,75,93,24,1332,2942,0,353,238,650,75,93,11,0,0,1531,290.018
558,GLLBaseLine,accept,270,192,599,63,66,16,654,1016,0,236,144,392,63,66,7,0,0,466,50.473
1948,GLLBaseLine,accept,1046,729,3131,225,207,39,2778,6298,0,885,533,1562,225,207,17,0,0,3276,1376.155
461,GLLBaseLine,accept,329,251,867,63,81,20,850,1600,0,269,163,443,63,81,10,0,0,774,97.623
230,GLLBaseLine,accept,93,97,275,20,24,16,534,681,0,83,78,198,20,24,9,0,0,160,19.168
3664,GLLBaseLine,accept,1110,688,1806,312,371,4,240,244,0,1106,682,1788,312,371,0,0,0,104,7.256
224,GLLBaseLine,accept,105,79,226,22,26,16,166,194,0,95,61,162,22,26,10,0,0,49,4.055
157,GLLBaseLine,accept,86,79,210,14,21,15,206,228,0,78,67,172,14,21,10,0,0,52,3.942
1462,GLLBaseLine,accept,2482,2481,6347,1560,289,46,1182,1963,0,2418,2388,5942,1560,289,17,0,0,900,157.059
92,GLLBaseLine,accept,32,33,83,7,11,9,118,133,0,27,22,51,7,11,5,0,0,34,2.173
121,GLLBaseLine,accept,51,49,127,11,15,13,206,236,0,41,34,76,11,15,7,0,0,54,4.554
410,GLLBaseLine,accept,138,145,354,35,40,17,411,498,0,125,126,284,35,40,10,0,0,121,13.873
166,GLLBaseLine,accept,125,75,229,29,28,5,91,130,0,121,61,187,29,28,3,0,0,64,2.427
244,GLLBaseLine,accept,349,322,825,142,49,6,189,297,0,342,298,743,142,49,5,0,0,145,8.583
2104,GLLBaseLine,accept,1281,993,2336,266,684,10,1911,3338,0,1273,963,2243,266,684,8,0,0,1694,464.499
378,GLLBaseLine,accept,144,144,481,36,38,30,830,1074,0,112,99,215,36,38,19,0,0,272,38.381
772,GLLBaseLine,accept,231,278,619,90,101,32,876,1145,0,214,252,501,90,101,23,0,0,293,42.841
491,GLLBaseLine,accept,194,194,533,49,52,28,1436,1921,0,173,162,377,49,52,18,0,0,470,84.639
474,GLLBaseLine,accept,125,142,306,50,58,21,372,443,0,115,124,242,50,58,15,0,0,105,11.150
103,GLLBaseLine,accept,37,35,91,8,11,9,134,150,0,32,24,59,8,11,5,0,0,38,2.890
83,GLLBaseLine,accept,34,30,79,6,9,7,102,113,0,27,20,49,6,9,3,0,0,32,1.626
2975,GLLBaseLine,accept,1719,1113,3426,392,388,100,3269,4518,0,1587,878,2532,392,388,45,0,0,1614,597.913
326,GLLBaseLine,accept,160,153,386,31,52,32,486,595,0,148,132,302,31,52,25,0,0,135,16.276
308,GLLBaseLine,accept,160,157,409,33,45,35,790,1001,0,148,135,306,33,45,27,0,0,227,31.712
5617,GLLBaseLine,accept,2753,1678,5620,598,651,75,2420,5936,0,2683,1482,4447,598,651,38,0,0,3198,1363.809
190,GLLBaseLine,accept,67,59,154,15,18,14,245,277,0,60,45,109,15,18,9,0,0,63,6.005
448,GLLBaseLine,accept,179,111,299,44,61,5,68,81,0,176,106,282,44,61,2,0,0,34,1.484
448,GLLBaseLine,accept,179,111,299,44,61,5,68,81,0,176,106,282,44,61,2,0,0,34,1.569
428,GLLBaseLine,accept,174,109,292,43,60,5,68,81,0,171,104,275,43,60,2,0,0,34,1.612
105,GLLBaseLine,accept,34,23,57,10,14,0,21,21,0,34,23,57,10,14,0,0,0,9,0.926
323,GLLBaseLine,accept,108,73,181,32,42,0,14,14,0,108,73,181,32,42,0,0,0,6,0.479
354,GLLBaseLine,accept,161,137,419,43,39,14,1270,1647,0,137,102,255,43,39,5,0,0,394,67.891
446,GLLBaseLine,accept,136,176,433,33,36,18,1004,1287,0,118,133,313,33,36,10,0,0,339,47.558
460,GLLBaseLine,accept,209,205,611,44,47,29,1373,1939,0,177,163,393,44,47,18,0,0,531,97.929
141,GLLBaseLine,accept,50,46,127,11,12,10,238,279,0,43,32,82,11,12,5,0,0,65,5.548
692,GLLBaseLine,accept,222,224,707,59,61,36,2596,3723,0,178,167,361,59,61,23,0,0,1002,260.873
3878,GLLBaseLine,accept,2630,1519,5374,584,541,120,2671,6188,0,2445,1266,3847,584,541,52,0,0,2943,1350.362
1315,GLLBaseLine,accept,1248,669,2350,248,246,52,888,1450,0,1146,535,1719,248,246,20,0,0,689,102.354
1864,GLLBaseLine,accept,929,622,1998,221,220,60,1340,1884,0,862,515,1427,221,220,32,0,0,690,106.089
563,GLLBaseLine,accept,261,310,769,53,55,36,1509,1792,0,250,293,705,53,55,29,0,0,367,97.538
618,GLLBaseLine,accept,217,189,459,54,63,23,245,280,0,207,174,408,54,63,17,0,0,66,6.073
1368,GLLBaseLine,accept,1224,694,2467,255,241,58,1141,1861,0,1097,530,1682,255,241,21,0,0,849,142.258
237,GLLBaseLine,accept,50,46,122,14,16,8,220,255,0,43,32,77,14,16,3,0,0,63,5.418
466,GLLBaseLine,accept,226,237,960,42,47,40,1749,2707,0,191,176,416,42,47,26,0,0,833,185.976
893,GLLBaseLine,accept,618,620,2126,92,149,40,1428,2934,0,505,353,950,92,149,29,0,0,1455,336.197
480,GLLBaseLine,accept,149,148,416,41,43,24,1445,1892,0,121,111,243,41,43,14,0,0,460,85.803
685,GLLBaseLine,accept,223,208,640,57,57,34,2581,3677,0,193,164,381,57,57,22,0,0,1062,321.304
595,GLLBaseLine,accept,224,213,932,47,46,35,2093,3265,0,157,127,303,47,46,19,0,0,983,251.145
2278,GLLBaseLine,accept,1228,856,2657,322,291,80,1594,2638,0,1121,701,1884,322,291,35,0,0,1201,254.469
1567,GLLBaseLine,accept,1052,724,2381,234,234,59,1532,2272,0,939,551,1536,234,234,24,0,0,890,165.573
216,GLLBaseLine,accept,110,77,238,26,22,7,217,321,0,104,55,166,26,22,4,0,0,166,11.174
223,GLLBaseLine,accept,112,80,243,27,23,8,231,338,0,101,56,160,27,23,4,0,0,175,11.584
578,GLLBaseLine,accept,378,315,1071,68,70,29,1197,2502,0,343,222,616,68,70,21,0,0,1392,238.732
281,GLLBaseLine,accept,177,123,402,34,31,13,252,400,0,153,70,228,34,31,6,0,0,213,15.224
245,GLLBaseLine,accept,100,92,273,21,24,22,598,762,0,79,63,146,21,24,13,0,0,189,22.669
927,GLLBaseLine,accept,553,436,2136,75,93,51,1230,2564,0,443,259,799,75,93,26,0,0,1312,251.195
1708,GLLBaseLine,accept,700,424,1306,142,186,28,445,608,0,659,359,1042,142,186,12,0,0,273,25.335
2443,GLLBaseLine,accept,1434,970,3138,235,332,58,1582,2808,0,1370,732,2237,235,332,41,0,0,1448,301.554
208,GLLBaseLine,accept,90,79,226,21,22,18,517,639,0,76,58,137,21,22,10,0,0,153,17.384
1373,GLLBaseLine,accept,1028,591,1980,196,237,50,815,1285,0,950,479,1462,196,237,23,0,0,572,62.549
388,GLLBaseLine,accept,214,179,554,39,63,15,450,714,0,181,121,315,39,63,6,0,0,329,29.812
371,GLLBaseLine,accept,296,190,754,47,47,20,568,932,0,231,110,350,47,47,7,0,0,437,46.292
441,GLLBaseLine,accept,325,224,911,49,51,27,833,1555,0,260,133,413,49,51,10,0,0,744,92.947
616,GLLBaseLine,accept,442,330,1493,68,80,32,1716,3780,0,366,219,671,68,80,13,0,0,1931,515.479
1009,GLLBaseLine,accept,423,411,1479,99,109,68,3073,4341,0,352,297,708,99,109,40,0,0,1229,441.822
561,GLLBaseLine,accept,410,506,1881,57,77,32,1654,3476,0,331,281,747,57,77,24,0,0,1716,373.147
2524,GLLBaseLine,accept,1704,1486,7452,304,297,60,2023,6505,0,1457,931,2806,304,297,38,0,0,3873,1402.274
2142,GLLBaseLine,accept,1643,945,3024,320,421,30,2399,6629,0,1613,826,2522,320,421,18,0,0,3803,1505.706
975,GLLBaseLine,accept,185,252,494,107,105,24,2853,3370,0,171,229,404,107,105,17,0,0,704,227.589
505,GLLBaseLine,accept,164,166,449,44,50,26,1292,1703,0,148,138,306,44,50,17,0,0,441,72.987
782,GLLBaseLine,accept,263,265,934,69,72,39,3493,5450,0,224,207,478,69,72,25,0,0,1655,669.347
373,GLLBaseLine,accept,118,111,302,30,33,16,468,570,0,101,87,206,30,33,8,0,0,141,15.894
367,GLLBaseLine,accept,118,119,284,36,40,16,420,505,0,105,100,214,36,40,9,0,0,124,13.353
551,GLLBaseLine,accept,158,332,727,47,50,20,1803,2573,0,122,143,275,47,50,11,0,0,766,173.495
680,GLLBaseLine,accept,232,234,865,59,63,39,2365,3532,0,198,181,422,59,63,25,0,0,1046,300.344
932,GLLBaseLine,accept,339,334,877,95,95,46,3101,4292,0,324,308,717,95,95,35,0,0,1070,397.615
569,GLLBaseLine,accept,229,204,691,56,59,34,1491,2080,0,186,148,345,56,59,21,0,0,564,113.060
1640,GLLBaseLine,accept,878,713,2133,220,204,73,3441,4983,0,769,493,1301,220,204,37,0,0,1836,698.474
2062,GLLBaseLine,accept,1068,796,2375,256,244,84,3602,5056,0,961,611,1639,256,244,46,0,0,1627,657.663
350,GLLBaseLine,accept,114,116,347,29,32,18,541,711,0,99,89,205,29,32,9,0,0,185,21.409
4171,GLLBaseLine,accept,2634,1499,4759,578,588,138,1388,2098,0,2487,1275,3851,578,588,58,0,0,901,193.830
826,GLLBaseLine,accept,535,368,1084,137,129,7,210,317,0,527,346,1009,137,129,4,0,0,157,9.772
313,GLLBaseLine,accept,394,231,815,70,77,13,546,1016,0,373,178,579,70,77,7,0,0,542,47.891
186,GLLBaseLine,accept,175,92,281,42,42,5,53,62,0,172,87,264,42,42,2,0,0,26,1.459
268,GLLBaseLine,accept,76,83,214,25,27,18,478,564,0,65,63,132,25,27,11,0,0,124,14.824
561,GLLBaseLine,accept,290,336,1361,62,61,39,3283,5394,0,215,228,470,62,61,23,0,0,1805,672.662
1226,GLLBaseLine,accept,779,564,1698,205,197,26,747,1196,0,720,482,1285,205,197,11,0,0,552,60.476
4133,GLLBaseLine,accept,2434,1560,5733,543,487,112,2032,4292,0,2282,1286,3798,543,487,51,0,0,2281,762.177
318,GLLBaseLine,accept,114,112,374,29,30,21,894,1226,0,95,82,195,29,30,10,0,0,308,45.278
553,GLLBaseLine,accept,213,210,703,48,47,33,1773,2524,0,180,157,378,48,47,21,0,0,709,161.979
9492,GLLBaseLine,accept,4505,2868,7925,973,1428,173,3214,4769,0,4392,2586,7074,973,1428,95,0,0,2007,745.606
902,GLLBaseLine,accept,341,352,1167,89,95,38,1029,1964,0,283,262,607,89,95,22,0,0,982,138.251
854,GLLBaseLine,accept,447,300,1098,85,88,32,785,1272,0,359,186,552,85,88,12,0,0,601,67.116
1562,GLLBaseLine,accept,523,473,1191,151,167,39,1000,1287,0,470,355,833,151,167,19,0,0,480,61.211
369,GLLBaseLine,accept,132,109,296,35,42,14,362,482,0,111,81,193,35,42,6,0,0,214,17.979
5016,GLLBaseLine,accept,1813,1395,3979,464,488,72,3796,5886,0,1699,1096,2872,464,488,27,0,0,2386,1038.481
1778,GLLBaseLine,accept,1111,748,2693,227,301,53,1461,2984,0,969,565,1558,227,301,22,0,0,1623,368.772
3559,GLLBaseLine,accept,2259,1380,4765,480,571,114,1924,3624,0,2111,1163,3414,480,571,44,0,0,1677,485.953
306,GLLBaseLine,accept,229,159,536,40,47,22,284,398,0,185,100,293,40,47,8,0,0,180,14.283
361,GLLBaseLine,accept,131,97,283,33,34,11,224,290,0,113,71,186,33,34,3,0,0,124,9.221
1724,GLLBaseLine,accept,1408,877,3913,223,317,71,1426,3429,0,1198,621,1906,223,317,34,0,0,1855,456.100
1787,GLLBaseLine,accept,684,590,1580,159,184,41,1012,1401,0,617,410,1046,159,184,17,0,0,519,66.814
1026,GLLBaseLine,accept,553,355,1305,112,108,27,522,887,0,492,264,787,112,108,11,0,0,444,41.994
6238,GLLBaseLine,accept,3126,2041,6239,863,637,68,1333,2257,0,2990,1860,5176,863,637,23,0,0,1110,222.812
2531,GLLBaseLine,accept,962,687,2622,225,245,40,2175,4596,0,793,492,1292,225,245,19,0,0,2410,730.837
1291,GLLBaseLine,accept,483,610,1397,109,131,35,1162,1590,0,446,452,945,109,131,19,0,0,538,80.487
2869,GLLBaseLine,accept,1740,1131,4188,347,435,90,2148,4086,0,1567,865,2518,347,435,37,0,0,1921,605.818
4348,GLLBaseLine,accept,2106,1394,4103,533,569,91,2114,3852,0,1983,1230,3302,533,569,44,0,0,1861,493.614
1549,GLLBaseLine,accept,930,526,1903,185,216,29,927,1657,0,846,420,1283,185,216,12,0,0,858,104.881
2102,GLLBaseLine,accept,1403,840,3460,299,247,53,1574,3507,0,1214,617,1908,299,247,21,0,0,1863,474.379
503,GLLBaseLine,accept,251,158,521,59,52,15,321,445,0,218,114,339,59,52,4,0,0,192,16.135
6136,GLLBaseLine,accept,3800,2169,6934,793,988,144,2812,5112,0,3659,1943,5725,793,988,57,0,0,2502,994.099
3065,GLLBaseLine,accept,2267,1480,6859,520,416,81,2165,6105,0,2051,1178,3629,520,416,39,0,0,3472,1429.171
2447,GLLBaseLine,accept,984,599,1863,251,255,35,1121,1812,0,925,517,1463,251,255,13,0,0,757,118.005
3866,GLLBaseLine,accept,1918,1226,4934,356,486,83,2862,6643,0,1805,1032,3140,356,486,33,0,0,3416,1712.969
2897,GLLBaseLine,accept,1711,1087,3439,404,498,41,1146,1973,0,1622,945,2606,404,498,16,0,0,997,162.620
9088,GLLBaseLine,accept,4299,2684,8132,957,1286,106,3278,5070,0,4091,2319,6479,957,1286,37,0,0,2181,908.832
289,GLLBaseLine,accept,104,66,205,24,20,9,162,186,0,89,45,134,24,20,2,0,0,74,3.879
1148,GLLBaseLine,accept,834,540,2266,137,203,35,1050,2275,0,706,385,1148,137,203,15,0,0,1181,206.052
3934,GLLBaseLine,accept,2575,1531,5829,570,557,83,2472,5906,0,2333,1242,3675,570,557,43,0,0,3275,1258.884
2895,GLLBaseLine,accept,1844,1097,3890,361,453,89,1756,3472,0,1661,858,2543,361,453,37,0,0,1652,440.100
1243,GLLBaseLine,accept,760,444,1524,163,164,29,644,1047,0,704,361,1097,163,164,11,0,0,507,71.772
696,GLLBaseLine,accept,498,424,2623,61,63,37,1833,4836,0,258,156,433,61,63,15,0,0,2739,843.739
338,GLLBaseLine,accept,185,115,337,44,48,8,189,234,0,175,97,279,44,48,4,0,0,102,6.265
3392,GLLBaseLine,accept,1640,1109,3230,464,382,48,3289,5819,0,1593,1029,2781,464,382,31,0,0,2916,1162.166
2882,GLLBaseLine,accept,1194,907,3408,253,283,62,3250,6393,0,1023,636,1726,253,283,22,0,0,2716,1224.465
1074,GLLBaseLine,accept,515,430,1682,101,116,33,1425,2928,0,376,240,623,101,116,14,0,0,1538,321.023
5293,GLLBaseLine,accept,2018,1140,4561,386,418,94,1688,3716,0,1860,919,2907,386,418,39,0,0,1833,535.794
1005,GLLBaseLine,accept,698,519,2218,156,126,45,2606,6219,0,538,332,906,156,126,26,0,0,3313,1326.443
4709,GLLBaseLine,accept,2244,1457,5236,458,495,94,3082,5139,0,2055,1147,3438,458,495,40,0,0,2293,969.857
3776,GLLBaseLine,accept,1847,1052,3042,494,426,49,999,1400,0,1815,1006,2866,494,426,31,0,0,615,86.695
263,GLLBaseLine,accept,103,97,299,27,26,16,255,342,0,79,56,139,27,26,4,0,0,148,10.733
167,GLLBaseLine,accept,64,58,176,16,16,10,152,192,0,43,30,73,16,16,2,0,0,81,4.198
1724,GLLBaseLine,accept,691,501,1304,211,230,19,1668,2672,0,659,458,1134,211,230,6,0,0,1272,328.175
313,GLLBaseLine,accept,71,72,188,21,26,11,155,184,0,57,48,107,21,26,3,0,0,66,5.173
2917,GLLBaseLine,accept,745,678,2290,218,235,68,1131,2594,0,658,548,1300,218,235,54,0,0,1412,249.879
721,GLLBaseLine,accept,264,241,900,63,62,24,1044,1710,0,184,140,339,63,62,6,0,0,748,109.518
476,GLLBaseLine,accept,293,238,1083,46,46,29,878,1770,0,190,120,320,46,46,14,0,0,959,121.122
5589,GLLBaseLine,accept,1969,1238,4351,531,449,74,1291,2811,0,1805,1044,2929,531,449,46,0,0,1527,308.564
2053,GLLBaseLine,accept,1677,1027,4066,328,355,65,1601,3532,0,1512,768,2350,328,355,35,0,0,1971,492.955
6311,GLLBaseLine,accept,3449,2291,6967,899,958,159,2973,5334,0,3306,2058,5513,899,958,101,0,0,2443,1071.142
81,GLLBaseLine,accept,36,32,88,6,11,6,63,72,0,30,19,51,6,11,3,0,0,28,1.433
1883,GLLBaseLine,accept,1087,662,2504,235,225,52,1656,3415,0,945,486,1463,235,225,21,0,0,1753,414.315
797,GLLBaseLine,accept,494,327,1092,99,109,36,866,1226,0,417,229,656,99,109,17,0,0,539,66.581
2215,GLLBaseLine,accept,1339,778,2532,305,289,53,1924,3789,0,1241,657,1940,305,289,23,0,0,1954,524.867
1790,GLLBaseLine,accept,1286,789,2485,351,249,39,1440,2380,0,1215,694,2010,351,249,16,0,0,1105,196.874
3653,GLLBaseLine,accept,2663,1585,5219,561,625,135,2615,3856,0,2449,1288,3830,561,625,57,0,0,1625,614.985
6312,GLLBaseLine,accept,2469,1523,5196,520,626,106,2204,3714,0,2309,1264,3698,520,626,35,0,0,1652,501.773
293,GLLBaseLine,accept,154,108,432,22,21,16,375,606,0,105,49,154,22,21,7,0,0,296,24.338
558,GLLBaseLine,accept,301,211,792,56,65,19,539,927,0,238,131,374,56,65,7,0,0,456,65.479
2860,GLLBaseLine,accept,1222,925,2687,282,350,51,2099,3540,0,1098,681,1806,282,350,18,0,0,1653,441.140
281,GLLBaseLine,accept,189,146,508,28,39,25,303,482,0,144,91,243,28,39,16,0,0,229,17.888
2503,GLLBaseLine,accept,1071,943,2945,223,293,55,2183,4130,0,976,676,1725,223,293,29,0,0,1734,567.212
542,GLLBaseLine,accept,232,160,448,53,66,17,337,385,0,211,128,341,53,66,6,0,0,149,12.815
2690,GLLBaseLine,accept,1243,987,4039,267,299,71,2677,5692,0,1093,726,1986,267,299,36,0,0,2902,1151.895
2744,GLLBaseLine,accept,1054,686,1898,311,297,27,2910,4578,0,1013,632,1659,311,297,17,0,0,2130,704.560
2442,GLLBaseLine,accept,1861,1030,3769,404,363,52,1282,2681,0,1770,882,2788,404,363,24,0,0,1295,258.058
3892,GLLBaseLine,accept,1265,1585,3906,299,358,75,3411,5533,0,1179,1178,2516,299,358,40,0,0,2236,905.656
7294,GLLBaseLine,accept,3570,2169,6942,756,1001,93,2922,4872,0,3387,1873,5349,756,1001,34,0,0,2187,746.469
2289,GLLBaseLine,accept,970,1002,2904,216,254,44,2694,4472,0,868,820,1782,216,254,20,0,0,1871,584.213
4459,GLLBaseLine,accept,2388,1487,4190,477,803,43,2455,3839,0,2339,1342,3711,477,803,16,0,0,1546,488.086
2690,GLLBaseLine,accept,1125,969,2636,255,306,41,2694,4006,0,1071,805,1942,255,306,17,0,0,1453,417.632
2697,GLLBaseLine,accept,1350,784,2745,284,287,60,1260,1993,0,1215,611,1868,284,287,25,0,0,960,166.601
645,GLLBaseLine,accept,181,161,515,49,48,17,544,880,0,130,100,230,49,48,6,0,0,414,39.093
1671,GLLBaseLine,accept,809,493,1505,191,200,35,700,953,0,759,414,1200,191,200,11,0,0,366,65.511
4155,GLLBaseLine,accept,2393,1312,4707,481,512,100,1393,2689,0,2212,1080,3339,481,512,46,0,0,1235,284.318
899,GLLBaseLine,accept,560,470,2248,100,86,44,2225,4741,0,400,244,690,100,86,18,0,0,2360,778.723
546,GLLBaseLine,accept,239,224,888,52,50,27,999,1902,0,181,142,360,52,50,15,0,0,971,155.321
922,GLLBaseLine,accept,426,393,1544,92,87,43,2326,5323,0,298,250,588,92,87,29,0,0,2788,912.567
2963,GLLBaseLine,accept,1454,880,3162,294,290,68,1573,2688,0,1275,642,1962,294,290,29,0,0,1288,248.517
5421,GLLBaseLine,accept,3686,2903,8856,1090,612,131,3023,5663,0,3450,2587,6663,1090,612,58,0,0,2738,1223.265
394,GLLBaseLine,accept,119,89,302,28,24,9,201,271,0,93,52,147,28,24,1,0,0,124,7.939
482,GLLBaseLine,accept,139,104,369,32,27,10,235,333,0,106,59,167,32,27,1,0,0,152,10.945
279,GLLBaseLine,accept,89,66,189,22,20,10,160,196,0,76,47,124,22,20,5,0,0,87,4.421
1315,GLLBaseLine,accept,536,436,2092,100,88,41,1111,2179,0,408,255,733,100,88,9,0,0,1060,190.250
357,GLLBaseLine,accept,82,62,194,20,18,7,142,176,0,64,37,101,20,18,0,0,0,78,3.981
670,GLLBaseLine,accept,254,194,874,52,42,15,450,828,0,215,125,411,52,42,0,0,0,376,38.547
648,GLLBaseLine,accept,221,164,565,50,50,14,349,505,0,185,112,308,50,50,1,0,0,241,18.787
547,GLLBaseLine,accept,228,218,699,39,44,27,458,741,0,175,117,314,39,44,10,0,0,355,33.436
1672,GLLBaseLine,accept,1147,761,3807,209,203,53,2370,6103,0,901,476,1430,209,203,22,0,0,3367,1369.288
170,GLLBaseLine,accept,49,39,114,12,12,5,95,113,0,38,23,61,12,12,0,0,0,51,2.590
528,GLLBaseLine,accept,215,158,459,53,58,20,248,334,0,194,126,324,53,58,12,0,0,148,11.118
284,GLLBaseLine,accept,94,69,215,22,20,9,187,244,0,81,46,131,22,20,3,0,0,107,6.592
550,GLLBaseLine,accept,354,244,957,59,74,24,488,890,0,274,144,423,59,74,11,0,0,470,44.231
791,GLLBaseLine,accept,425,259,812,95,110,15,396,620,0,391,213,613,95,110,6,0,0,298,24.763
477,GLLBaseLine,accept,139,104,369,32,27,10,235,333,0,106,59,167,32,27,1,0,0,152,11.175
896,GLLBaseLine,accept,280,215,1016,56,45,16,502,971,0,189,106,300,56,45,1,0,0,467,48.405
53,GLLBaseLine,accept,20,20,54,4,6,3,60,74,0,18,11,32,4,6,2,0,0,36,1.633
795,GLLBaseLine,accept,412,281,944,94,92,30,887,1449,0,349,203,558,94,92,18,0,0,726,98.551
453,GLLBaseLine,accept,139,104,369,32,27,10,235,333,0,106,59,167,32,27,1,0,0,152,11.077
76,GLLBaseLine,accept,28,20,59,7,6,2,50,62,0,23,12,35,7,6,0,0,0,30,1.233
2206,GLLBaseLine,accept,2120,1269,6909,372,343,94,2463,7308,0,1912,963,3346,372,343,43,0,0,4087,2013.646
1119,GLLBaseLine,accept,669,384,1296,154,124,36,799,1219,0,622,312,966,154,124,16,0,0,563,66.391
1015,GLLBaseLine,accept,556,414,1135,165,90,18,311,419,0,526,373,968,165,90,7,0,0,189,15.351
594,GLLBaseLine,accept,179,176,407,65,63,32,667,893,0,163,151,316,65,63,27,0,0,409,41.265
1576,GLLBaseLine,accept,574,463,3171,96,77,27,1196,3466,0,429,269,862,96,77,0,0,0,1818,460.827
403,GLLBaseLine,accept,119,89,302,28,24,9,201,271,0,93,52,147,28,24,1,0,0,124,7.694
354,GLLBaseLine,accept,100,75,244,24,21,8,170,219,0,78,45,124,24,21,0,0,0,102,5.447
775,GLLBaseLine,accept,229,174,747,48,39,14,401,701,0,157,88,246,48,39,0,0,0,363,50.398
565,GLLBaseLine,accept,160,120,446,36,30,11,272,406,0,127,72,208,36,30,1,0,0,184,14.295
1609,GLLBaseLine,accept,778,641,2291,127,169,86,1179,2112,0,620,400,1076,127,169,51,0,0,988,176.318
1148,GLLBaseLine,accept,364,284,1542,68,54,19,676,1506,0,286,177,529,68,54,1,0,0,768,90.942
4949,GLLBaseLine,accept,2147,1494,4494,502,645,140,2522,4562,0,1965,1248,3255,502,645,68,0,0,2240,764.902
1029,GLLBaseLine,accept,492,359,1400,83,109,44,768,1493,0,412,241,682,83,109,25,0,0,746,97.876
222,GLLBaseLine,accept,65,50,151,16,15,6,117,141,0,51,30,81,16,15,0,0,0,62,2.858
439,GLLBaseLine,accept,201,125,382,47,47,9,202,264,0,187,101,295,47,47,4,0,0,119,7.709
503,GLLBaseLine,accept,139,104,369,32,27,10,235,333,0,106,59,167,32,27,1,0,0,152,10.571
329,GLLBaseLine,accept,82,62,194,20,18,7,142,176,0,64,37,101,20,18,0,0,0,78,3.808
397,GLLBaseLine,accept,100,75,244,24,21,8,170,219,0,78,45,124,24,21,0,0,0,102,5.747
981,GLLBaseLine,accept,307,237,1174,60,48,17,557,1131,0,243,146,432,60,48,1,0,0,569,61.067
457,GLLBaseLine,accept,140,109,378,32,29,11,253,354,0,110,65,181,32,29,2,0,0,165,12.506
419,GLLBaseLine,accept,119,89,302,28,24,9,201,271,0,93,52,147,28,24,1,0,0,124,7.945
1505,GLLBaseLine,accept,559,449,3134,92,72,25,1105,3143,0,425,270,882,92,72,0,0,0,1648,348.600
361,GLLBaseLine,accept,97,76,231,24,23,9,179,220,0,78,47,127,24,23,1,0,0,94,6.406
597,GLLBaseLine,accept,160,120,446,36,30,11,272,406,0,127,72,208,36,30,1,0,0,184,16.142
375,GLLBaseLine,accept,100,75,244,24,21,8,170,219,0,78,45,124,24,21,0,0,0,102,5.723
601,GLLBaseLine,accept,205,155,634,44,36,13,355,589,0,154,88,251,44,36,1,0,0,276,24.207
425,GLLBaseLine,accept,119,89,302,28,24,9,201,271,0,93,52,147,28,24,1,0,0,124,8.327
534,GLLBaseLine,accept,160,120,446,36,30,11,272,406,0,127,72,208,36,30,1,0,0,184,14.622
83,GLLBaseLine,accept,28,20,59,7,6,2,50,62,0,23,12,35,7,6,0,0,0,30,1.166
209,GLLBaseLine,accept,65,50,151,16,15,6,117,141,0,51,30,81,16,15,0,0,0,62,2.780
1313,GLLBaseLine,accept,707,456,1342,184,157,30,654,941,0,670,401,1119,184,157,13,0,0,417,42.654
1336,GLLBaseLine,accept,608,337,1021,149,140,23,262,322,0,591,306,921,149,140,9,0,0,138,10.510
6959,GLLBaseLine,accept,3095,2118,5555,976,808,78,2344,2806,0,3054,2056,5325,976,808,54,0,0,1205,351.366
990,GLLBaseLine,accept,252,216,638,66,67,27,515,631,0,191,134,327,66,67,0,0,0,257,29.021
744,GLLBaseLine,accept,222,188,666,53,49,18,465,700,0,156,101,259,53,49,1,0,0,323,29.524
1136,GLLBaseLine,accept,463,368,2008,84,61,31,1979,5015,0,355,205,636,84,61,11,0,0,2750,902.291
1136,GLLBaseLine,accept,463,368,2008,84,61,31,1979,5015,0,355,205,636,84,61,11,0,0,2750,819.451
60,GLLBaseLine,accept,20,17,48,5,5,2,43,55,0,18,10,30,5,5,1,0,0,25,1.137
161,GLLBaseLine,accept,50,41,117,13,13,5,104,123,0,42,26,70,13,13,1,0,0,54,2.756
2359,GLLBaseLine,accept,1280,904,3141,286,326,75,1571,3238,0,1167,717,1961,286,326,42,0,0,1687,417.175
290,GLLBaseLine,accept,82,62,194,20,18,7,142,176,0,64,37,101,20,18,0,0,0,78,4.742
901,GLLBaseLine,accept,280,215,1016,56,45,16,502,971,0,189,106,300,56,45,1,0,0,467,50.790
2140,GLLBaseLine,accept,1333,841,3050,270,278,72,1602,2804,0,1142,606,1778,270,278,36,0,0,1374,265.352
99,GLLBaseLine,accept,28,20,59,7,6,2,50,62,0,23,12,35,7,6,0,0,0,30,1.130
1713,GLLBaseLine,accept,588,438,1978,129,116,31,963,1952,0,469,286,802,129,116,4,0,0,1049,156.208
1503,GLLBaseLine,accept,759,572,2015,156,174,66,1518,2508,0,626,385,1030,156,174,31,0,0,1225,248.919
643,GLLBaseLine,accept,160,120,446,36,30,11,272,406,0,127,72,208,36,30,1,0,0,184,14.288
794,GLLBaseLine,accept,229,174,747,48,39,14,401,701,0,157,88,246,48,39,0,0,0,363,31.024
516,GLLBaseLine,accept,139,104,369,32,27,10,235,333,0,106,59,167,32,27,1,0,0,152,10.922
79,GLLBaseLine,accept,28,20,59,7,6,2,50,62,0,23,12,35,7,6,0,0,0,30,1.197
85,GLLBaseLine,accept,28,20,59,7,6,2,50,62,0,23,12,35,7,6,0,0,0,30,1.449
336,GLLBaseLine,accept,82,62,194,20,18,7,142,176,0,64,37,101,20,18,0,0,0,78,3.901
857,GLLBaseLine,accept,269,208,911,56,47,17,511,956,0,206,127,371,56,47,0,0,0,476,47.667
1176,GLLBaseLine,accept,379,298,1579,72,59,21,752,1719,0,275,166,477,72,59,0,0,0,877,130.466
277,GLLBaseLine,accept,65,50,151,16,15,6,117,141,0,51,30,81,16,15,0,0,0,62,2.774
228,GLLBaseLine,accept,137,91,286,34,26,11,187,255,0,121,66,195,34,26,6,0,0,119,7.848
300,GLLBaseLine,accept,105,112,455,19,21,10,403,703,0,45,39,86,19,21,1,0,0,361,31.133
1867,GLLBaseLine,accept,970,649,1938,242,212,58,942,1324,0,889,535,1483,242,212,19,0,0,577,75.748
1562,GLLBaseLine,accept,574,463,3171,96,77,27,1136,3176,0,444,286,944,96,77,1,0,0,1745,416.038
463,GLLBaseLine,accept,119,89,302,28,24,9,201,271,0,93,52,147,28,24,1,0,0,124,8.360
888,GLLBaseLine,accept,280,215,1016,56,45,16,502,971,0,189,106,300,56,45,1,0,0,467,48.277
390,GLLBaseLine,accept,100,75,244,24,21,8,170,219,0,78,45,124,24,21,0,0,0,102,7.071
128,GLLBaseLine,accept,34,29,82,8,9,4,76,91,0,28,17,47,8,9,1,0,0,44,1.606
393,GLLBaseLine,accept,101,80,253,24,23,9,188,240,0,84,51,141,24,23,2,0,0,104,6.193
376,GLLBaseLine,accept,119,89,302,28,24,9,201,271,0,93,52,147,28,24,1,0,0,124,8.104
437,GLLBaseLine,accept,139,104,369,32,27,10,235,333,0,106,59,167,32,27,1,0,0,152,11.045
383,GLLBaseLine,accept,313,225,877,64,45,19,440,774,0,250,143,416,64,45,9,0,0,405,38.641
425,GLLBaseLine,accept,187,147,526,33,32,22,403,689,0,139,81,224,33,32,14,0,0,330,29.035
607,GLLBaseLine,accept,175,134,483,40,35,13,303,439,0,131,76,210,40,35,1,0,0,192,15.263
1357,GLLBaseLine,accept,490,390,2514,84,66,23,950,2504,0,398,255,824,84,66,0,0,0,1347,230.698
1476,GLLBaseLine,accept,1215,744,2371,240,328,53,661,959,0,1121,615,1773,240,328,22,0,0,451,45.838
320,GLLBaseLine,accept,99,74,244,22,20,9,166,216,0,81,45,130,22,20,2,0,0,94,5.285
298,GLLBaseLine,accept,82,62,194,20,18,7,142,176,0,64,37,101,20,18,0,0,0,78,4.605
223,GLLBaseLine,accept,65,50,151,16,15,6,117,141,0,51,30,81,16,15,0,0,0,62,2.965
68,GLLBaseLine,accept,19,15,45,4,4,2,43,55,0,14,7,21,4,4,0,0,0,27,1.108
544,GLLBaseLine,accept,161,125,455,36,32,12,293,433,0,131,80,224,36,32,1,0,0,186,15.202
539,GLLBaseLine,accept,160,120,446,36,30,11,272,406,0,127,72,208,36,30,1,0,0,184,13.447
517,GLLBaseLine,accept,139,104,369,32,27,10,235,333,0,106,59,167,32,27,1,0,0,152,10.732
414,GLLBaseLine,accept,119,89,302,28,24,9,201,271,0,93,52,147,28,24,1,0,0,124,8.350
450,GLLBaseLine,accept,115,89,281,28,26,10,213,278,0,92,55,150,28,26,1,0,0,123,8.488
309,GLLBaseLine,accept,82,62,194,20,18,7,142,176,0,64,37,101,20,18,0,0,0,78,4.302
486,GLLBaseLine,accept,134,103,339,32,29,11,232,304,0,109,66,180,32,29,1,0,0,133,9.985
304,GLLBaseLine,accept,82,62,194,20,18,7,142,176,0,64,37,101,20,18,0,0,0,78,4.842
241,GLLBaseLine,accept,65,50,151,16,15,6,117,141,0,51,30,81,16,15,0,0,0,62,3.262
2065,GLLBaseLine,accept,745,612,2098,155,158,83,1515,2232,0,551,345,913,155,158,17,0,0,971,207.970
640,GLLBaseLine,accept,175,134,483,40,35,13,309,450,0,140,86,234,40,35,0,0,0,208,15.538
1273,GLLBaseLine,accept,464,373,2265,82,67,24,901,2247,0,341,216,643,82,67,0,0,0,1104,182.457
747,GLLBaseLine,accept,236,185,773,50,43,16,425,727,0,178,109,298,50,43,0,0,0,364,32.944
474,GLLBaseLine,accept,212,123,392,42,51,11,173,223,0,191,94,286,42,51,3,0,0,101,5.956
499,GLLBaseLine,accept,204,171,616,44,39,22,662,1108,0,151,107,271,44,39,12,0,0,547,67.825
437,GLLBaseLine,accept,253,198,876,44,37,21,975,1887,0,189,110,324,44,37,9,0,0,994,133.332
471,GLLBaseLine,accept,178,144,576,31,31,15,317,532,0,134,71,215,31,31,5,0,0,249,21.224
1210,GLLBaseLine,accept,603,358,1168,123,147,35,649,995,0,554,289,851,123,147,14,0,0,443,48.454
1256,GLLBaseLine,accept,448,369,2303,77,62,22,888,2304,0,259,148,415,77,62,1,0,0,1208,230.663
239,GLLBaseLine,accept,81,70,209,19,18,7,157,202,0,63,37,102,19,18,1,0,0,92,4.866
1375,GLLBaseLine,accept,490,390,2514,84,66,23,950,2504,0,398,255,824,84,66,0,0,0,1347,220.002
3931,GLLBaseLine,accept,1877,1257,4108,438,538,75,1571,3316,0,1721,1016,2781,438,538,34,0,0,1712,425.531
429,GLLBaseLine,accept,139,104,369,32,27,10,235,333,0,106,59,167,32,27,1,0,0,152,11.461
615,GLLBaseLine,accept,219,174,567,50,47,23,493,687,0,173,105,283,50,47,7,0,0,312,30.086
1796,GLLBaseLine,accept,1098,762,2603,238,238,64,1294,2179,0,958,561,1574,238,238,32,0,0,1054,212.635
747,GLLBaseLine,accept,205,155,634,44,36,13,355,589,0,154,88,251,44,36,1,0,0,276,25.110
1181,GLLBaseLine,accept,463,368,2008,84,61,31,1979,5015,0,355,205,636,84,61,11,0,0,2750,908.484
819,GLLBaseLine,accept,480,266,888,114,90,18,274,384,0,451,223,696,114,90,6,0,0,182,13.329
383,GLLBaseLine,accept,132,118,421,30,30,14,352,546,0,97,66,169,30,30,6,0,0,262,21.417
112,GLLBaseLine,accept,76,60,216,9,13,11,126,178,0,55,28,87,9,13,5,0,0,84,3.802
537,GLLBaseLine,accept,409,277,1116,77,76,19,697,1339,0,323,176,508,77,76,7,0,0,705,82.603
3941,GLLBaseLine,accept,2753,1675,5095,599,847,87,1478,2499,0,2650,1518,4237,599,847,34,0,0,1197,255.579
297,GLLBaseLine,accept,100,75,244,24,21,8,170,219,0,78,45,124,24,21,0,0,0,102,6.657
314,GLLBaseLine,accept,189,156,607,34,36,15,314,538,0,147,86,246,34,36,7,0,0,282,20.624
159,GLLBaseLine,accept,49,39,114,12,12,5,95,113,0,38,23,61,12,12,0,0,0,51,2.208
12091,GLLBaseLine,accept,6782,4160,13122,1628,1870,215,3012,5249,0,6448,3723,10373,1628,1870,97,0,0,2568,1120.784
150,GLLBaseLine,accept,43,34,96,11,11,4,83,98,0,37,22,61,11,11,1,0,0,43,1.895
159,GLLBaseLine,accept,43,34,96,11,11,4,83,98,0,37,22,61,11,11,1,0,0,43,1.776
157,GLLBaseLine,accept,43,34,96,11,11,4,83,98,0,37,22,61,11,11,1,0,0,43,2.089
166,GLLBaseLine,accept,43,34,96,11,11,4,83,98,0,37,22,61,11,11,1,0,0,43,1.781
489,GLLBaseLine,accept,267,181,690,55,44,19,904,1612,0,222,119,357,55,44,10,0,0,819,107.480
493,GLLBaseLine,accept,267,181,690,55,44,19,904,1612,0,222,119,357,55,44,10,0,0,819,109.963
442,GLLBaseLine,accept,139,104,369,32,27,10,235,333,0,106,59,167,32,27,1,0,0,152,11.162
1082,GLLBaseLine,accept,335,260,1349,64,51,18,615,1309,0,233,137,395,64,51,1,0,0,652,81.045
834,GLLBaseLine,accept,647,377,1285,141,147,22,1112,1932,0,597,309,935,141,147,9,0,0,953,145.741
409,GLLBaseLine,accept,115,89,281,28,26,10,213,278,0,92,55,150,28,26,1,0,0,123,8.634
1414,GLLBaseLine,accept,490,390,2514,84,66,23,950,2504,0,398,255,824,84,66,0,0,0,1347,216.462
873,GLLBaseLine,accept,564,370,1242,125,107,39,1262,2160,0,480,261,763,125,107,17,0,0,1070,178.308
2245,GLLBaseLine,accept,1555,929,3567,301,367,52,1348,2890,0,1388,712,2132,301,367,22,0,0,1537,302.059
3186,GLLBaseLine,accept,2538,1481,6303,496,535,114,1603,3702,0,2264,1152,3551,496,535,62,0,0,1970,610.517
817,GLLBaseLine,accept,552,307,1001,118,120,21,389,565,0,520,258,795,118,120,9,0,0,263,22.650
610,GLLBaseLine,accept,182,137,534,40,33,12,312,491,0,134,75,212,40,33,1,0,0,243,18.995
603,GLLBaseLine,accept,182,137,534,40,33,12,312,491,0,134,75,212,40,33,1,0,0,243,17.191
1034,GLLBaseLine,accept,642,956,7228,66,67,32,1609,7684,0,519,585,1773,66,67,26,0,0,4914,3163.182
584,GLLBaseLine,accept,175,134,483,40,35,13,324,495,0,132,78,212,40,35,0,0,0,236,18.952
735,GLLBaseLine,accept,229,174,747,48,39,14,401,701,0,157,88,246,48,39,0,0,0,363,34.932
1563,GLLBaseLine,accept,595,480,3481,96,75,26,1187,3501,0,411,250,764,96,75,0,0,0,1844,473.883
2025,GLLBaseLine,accept,1406,833,3281,276,246,64,2421,5157,0,1223,619,1922,276,246,32,0,0,2765,1006.489
1430,GLLBaseLine,accept,955,507,1753,200,195,33,678,1133,0,897,429,1361,200,195,13,0,0,548,60.463
928,GLLBaseLine,accept,307,237,1174,60,48,17,557,1131,0,243,146,432,60,48,1,0,0,569,59.866
2507,GLLBaseLine,accept,2400,1428,7157,439,424,109,2495,6382,0,2112,1045,3396,439,424,48,0,0,3499,1611.401
758,GLLBaseLine,accept,220,169,671,48,41,15,395,640,0,171,106,288,48,41,0,0,0,296,26.620
593,GLLBaseLine,accept,174,133,483,38,34,14,299,436,0,140,83,236,38,34,1,0,0,199,16.400
1595,GLLBaseLine,accept,1148,697,2176,289,262,34,1259,2027,0,1076,608,1742,289,262,15,0,0,983,174.949
1917,GLLBaseLine,accept,1147,824,2466,313,210,37,1293,2451,0,1059,714,1895,313,210,17,0,0,1258,235.287
981,GLLBaseLine,accept,335,260,1349,64,51,18,615,1309,0,233,137,395,64,51,1,0,0,652,71.179
554,GLLBaseLine,accept,182,137,534,40,33,12,312,491,0,134,75,212,40,33,1,0,0,243,17.464
1698,GLLBaseLine,accept,817,475,1639,166,175,44,843,1447,0,742,375,1138,166,175,19,0,0,683,88.480
712,GLLBaseLine,accept,205,155,634,44,36,13,355,589,0,154,88,251,44,36,1,0,0,276,22.875
558,GLLBaseLine,accept,139,104,369,32,27,10,235,333,0,106,59,167,32,27,1,0,0,152,11.311
484,GLLBaseLine,accept,139,104,369,32,27,10,235,333,0,106,59,167,32,27,1,0,0,152,10.678
1987,GLLBaseLine,accept,832,687,6144,120,93,32,1742,6251,0,566,353,1152,120,93,0,0,0,3474,1533.072
278,GLLBaseLine,accept,65,50,151,16,15,6,117,141,0,51,30,81,16,15,0,0,0,62,3.040
1766,GLLBaseLine,accept,717,592,4711,111,89,31,1580,5258,0,523,327,1070,111,89,1,0,0,3026,1032.508
415,GLLBaseLine,accept,139,104,369,32,27,10,235,333,0,106,59,167,32,27,1,0,0,152,11.217
804,GLLBaseLine,accept,463,332,1218,89,109,32,807,1421,0,394,234,651,89,109,15,0,0,700,80.498
369,GLLBaseLine,accept,100,75,244,24,21,8,170,219,0,78,45,124,24,21,0,0,0,102,5.720
324,GLLBaseLine,accept,141,101,352,29,26,12,271,405,0,115,62,181,29,26,3,0,0,194,14.738
523,GLLBaseLine,accept,139,104,369,32,27,10,235,333,0,106,59,167,32,27,1,0,0,152,11.424
1162,GLLBaseLine,accept,409,323,1791,76,62,22,819,1956,0,340,214,699,76,62,0,0,0,1008,154.080
487,GLLBaseLine,accept,139,104,369,32,27,10,235,333,0,106,59,167,32,27,1,0,0,152,10.517
435,GLLBaseLine,accept,115,89,281,28,26,10,213,278,0,92,55,150,28,26,1,0,0,123,8.168
1364,GLLBaseLine,accept,1088,633,2832,214,178,34,1136,2527,0,941,452,1453,214,178,14,0,0,1386,269.948
104,GLLBaseLine,accept,28,20,59,7,6,2,50,62,0,23,12,35,7,6,0,0,0,30,1.183
273,GLLBaseLine,accept,82,62,194,20,18,7,142,176,0,64,37,101,20,18,0,0,0,78,4.005
761,GLLBaseLine,accept,229,237,591,79,80,38,1776,2990,0,195,194,398,79,80,30,0,0,1442,332.449
382,GLLBaseLine,accept,170,126,346,39,58,14,217,287,0,154,100,255,39,58,5,0,0,124,8.665
176,GLLBaseLine,accept,49,39,114,12,12,5,95,113,0,38,23,61,12,12,0,0,0,51,2.241
483,GLLBaseLine,accept,203,145,434,50,51,17,248,334,0,176,109,287,50,51,9,0,0,147,11.172
837,GLLBaseLine,accept,498,306,942,101,124,30,399,506,0,458,241,710,101,124,12,0,0,215,18.974
1023,GLLBaseLine,accept,599,477,1969,107,157,46,1040,2146,0,435,290,733,107,157,23,0,0,1098,187.864
561,GLLBaseLine,accept,160,120,446,36,30,11,272,406,0,127,72,208,36,30,1,0,0,184,13.396
315,GLLBaseLine,accept,82,62,194,20,18,7,142,176,0,64,37,101,20,18,0,0,0,78,4.077
2129,GLLBaseLine,accept,934,778,7314,132,104,36,1997,7489,0,521,309,942,132,104,1,0,0,4450,2201.013
311,GLLBaseLine,accept,82,62,194,20,18,7,142,176,0,64,37,101,20,18,0,0,0,78,3.718
464,GLLBaseLine,accept,119,89,302,28,24,9,201,271,0,93,52,147,28,24,1,0,0,124,8.353
432,GLLBaseLine,accept,139,104,369,32,27,10,235,333,0,106,59,167,32,27,1,0,0,152,11.301
366,GLLBaseLine,accept,100,75,244,24,21,8,170,219,0,78,45,124,24,21,0,0,0,102,6.162
390,GLLBaseLine,accept,119,89,302,28,24,9,201,271,0,93,52,147,28,24,1,0,0,124,8.486
353,GLLBaseLine,accept,100,75,244,24,21,8,170,219,0,78,45,124,24,21,0,0,0,102,6.318
351,GLLBaseLine,accept,100,75,244,24,21,8,170,219,0,78,45,124,24,21,0,0,0,102,5.830
3714,GLLBaseLine,accept,2013,1404,5103,439,518,85,2718,6134,0,1766,1053,2872,439,518,42,0,0,3293,1513.419
505,GLLBaseLine,accept,139,104,369,32,27,10,235,333,0,106,59,167,32,27,1,0,0,152,11.336
175,GLLBaseLine,accept,49,39,114,12,12,5,95,113,0,38,23,61,12,12,0,0,0,51,2.307
494,GLLBaseLine,accept,139,104,369,32,27,10,235,333,0,106,59,167,32,27,1,0,0,152,11.822
529,GLLBaseLine,accept,139,104,369,32,27,10,235,333,0,106,59,167,32,27,1,0,0,152,10.606
2800,GLLBaseLine,accept,2474,1459,6861,479,453,103,2536,6047,0,2127,1046,3271,479,453,43,0,0,3271,1390.538
76,GLLBaseLine,accept,28,20,59,7,6,2,50,62,0,23,12,35,7,6,0,0,0,30,1.390
106,GLLBaseLine,accept,31,34,86,10,11,5,108,130,0,25,21,48,10,11,2,0,0,57,2.624
107,GLLBaseLine,accept,31,34,86,10,11,5,108,130,0,25,21,48,10,11,2,0,0,57,2.518
79,GLLBaseLine,accept,28,20,59,7,6,2,50,62,0,23,12,35,7,6,0,0,0,30,1.361
104,GLLBaseLine,accept,31,34,86,10,11,5,108,130,0,25,21,48,10,11,2,0,0,57,2.811
106,GLLBaseLine,accept,31,34,86,10,11,5,108,130,0,25,21,48,10,11,2,0,0,57,2.752
93,GLLBaseLine,accept,34,29,82,8,9,4,76,91,0,28,17,47,8,9,1,0,0,44,1.646
