line,date,time,tool,script,iter,language,grammar,string,length,algorithm,result,TLex,TLChoose,TParse,TPChoose,TSelect,TTerm,tweN,tweE,lexes,GSS SN,GSS EN,GGS E,SPPF Eps,SPPF T,SPPF NT,SPPF Inter,SPPF PN,SPPF Edge,Pool,H0,H1,H2,H3,H4,H5,H6+
1,2024-07-25,21:44:40,gtb_bcc32.exe,brnglr_slr1.gtb,0,gamma2,rhul/str/gamma2.gtb,rhul//b.010,20,BRNGLR,Reject,0.000000,0.000000,0.000000,0.000000,0.000000,0.000000,10,0,0,39,3,103,2,10,10,6,0,37
2,2024-07-25,21:44:40,gtb_bcc32.exe,brnglr_slr1.gtb,0,gamma2,rhul/str/gamma2.gtb,rhul//b.020,40,BRNGLR,Reject,0.000000,0.000000,0.000000,0.000000,0.000000,0.000000,20,0,0,79,8,378,2,20,45,36,0,172
3,2024-07-25,21:44:40,gtb_bcc32.exe,brnglr_slr1.gtb,0,gamma2,rhul/str/gamma2.gtb,rhul//b.030,60,BRNGLR,Reject,0.000000,0.000000,0.000000,0.000000,0.000000,0.000000,30,0,0,119,13,828,2,30,105,91,0,407
4,2024-07-25,21:44:40,gtb_bcc32.exe,brnglr_slr1.gtb,0,gamma2,rhul/str/gamma2.gtb,rhul//b.040,80,BRNGLR,Reject,0.000000,0.000000,0.000000,0.000000,0.000000,0.000000,40,0,0,159,18,1453,2,40,190,171,0,742
5,2024-07-25,21:44:40,gtb_bcc32.exe,brnglr_slr1.gtb,0,gamma2,rhul/str/gamma2.gtb,rhul//b.050,100,BRNGLR,Reject,0.000000,0.000000,0.000000,0.000000,0.000000,0.000000,50,0,0,199,23,2253,2,50,300,276,0,1177
6,2024-07-25,21:44:41,gtb_bcc32.exe,brnglr_slr1.gtb,0,gamma2,rhul/str/gamma2.gtb,rhul//b.060,120,BRNGLR,Reject,0.000000,0.000000,0.000000,0.000000,0.000000,0.000000,60,0,0,239,28,3228,2,60,435,406,0,1712
7,2024-07-25,21:44:41,gtb_bcc32.exe,brnglr_slr1.gtb,0,gamma2,rhul/str/gamma2.gtb,rhul//b.070,140,BRNGLR,Reject,0.000000,0.000000,0.000000,0.000000,0.000000,0.000000,70,0,0,279,33,4378,2,70,595,561,0,2347
8,2024-07-25,21:44:41,gtb_bcc32.exe,brnglr_slr1.gtb,0,gamma2,rhul/str/gamma2.gtb,rhul//b.080,160,BRNGLR,Reject,0.000000,0.000000,0.000000,0.000000,0.000000,0.000000,80,0,0,319,38,5703,2,80,780,741,0,3082
9,2024-07-25,21:44:41,gtb_bcc32.exe,brnglr_slr1.gtb,0,gamma2,rhul/str/gamma2.gtb,rhul//b.090,180,BRNGLR,Reject,0.000000,0.000000,0.000000,0.000000,0.000000,0.000000,90,0,0,359,43,7203,2,90,990,946,0,3917
10,2024-07-25,21:44:41,gtb_bcc32.exe,brnglr_slr1.gtb,0,gamma2,rhul/str/gamma2.gtb,rhul//b.100,200,BRNGLR,Reject,0.000000,0.000000,0.000000,0.000000,0.000000,0.000000,100,0,0,399,48,8878,2,100,1225,1176,0,4852
11,2024-07-25,21:44:41,gtb_bcc32.exe,brnglr_slr1.gtb,0,gamma2,rhul/str/gamma3.gtb,rhul//b.010,20,BRNGLR,Accept,0.000000,0.000000,0.000000,0.000000,0.000000,0.000000,10,0,0,38,8,229,1,10,55,36,388,1208
12,2024-07-25,21:44:41,gtb_bcc32.exe,brnglr_slr1.gtb,0,gamma2,rhul/str/gamma3.gtb,rhul//b.020,40,BRNGLR,Accept,0.000000,0.000000,0.000000,0.000000,0.000000,0.000000,20,0,0,78,18,1049,1,20,210,171,3573,10813
13,2024-07-25,21:44:41,gtb_bcc32.exe,brnglr_slr1.gtb,0,gamma2,rhul/str/gamma3.gtb,rhul//b.030,60,BRNGLR,Accept,0.000000,0.000000,0.000000,0.000000,0.000000,0.000000,30,0,0,118,28,2469,1,30,465,406,12558,37818
14,2024-07-25,21:44:41,gtb_bcc32.exe,brnglr_slr1.gtb,0,gamma2,rhul/str/gamma3.gtb,rhul//b.040,80,BRNGLR,Accept,0.000000,0.000000,0.000000,0.000000,0.000000,0.000000,40,0,0,158,38,4489,1,40,820,741,30343,91223
15,2024-07-25,21:44:41,gtb_bcc32.exe,brnglr_slr1.gtb,0,gamma2,rhul/str/gamma3.gtb,rhul//b.050,100,BRNGLR,Accept,0.000000,0.000000,0.016000,0.000000,0.000000,0.000000,50,0,0,198,48,7109,1,50,1275,1176,59928,180028
16,2024-07-25,21:44:41,gtb_bcc32.exe,brnglr_slr1.gtb,0,gamma2,rhul/str/gamma3.gtb,rhul//b.060,120,BRNGLR,Accept,0.000000,0.000000,0.031000,0.000000,0.000000,0.000000,60,0,0,238,58,10329,1,60,1830,1711,104313,313233
17,2024-07-25,21:44:42,gtb_bcc32.exe,brnglr_slr1.gtb,0,gamma2,rhul/str/gamma3.gtb,rhul//b.070,140,BRNGLR,Accept,0.000000,0.000000,0.063000,0.000000,0.000000,0.000000,70,0,0,278,68,14149,1,70,2485,2346,166498,499838
18,2024-07-25,21:44:42,gtb_bcc32.exe,brnglr_slr1.gtb,0,gamma2,rhul/str/gamma3.gtb,rhul//b.080,160,BRNGLR,Accept,0.000000,0.000000,0.125000,0.000000,0.000000,0.000000,80,0,0,318,78,18569,1,80,3240,3081,249483,748843
19,2024-07-25,21:44:42,gtb_bcc32.exe,brnglr_slr1.gtb,0,gamma2,rhul/str/gamma3.gtb,rhul//b.090,180,BRNGLR,Accept,0.000000,0.000000,0.156000,0.000000,0.000000,0.000000,90,0,0,358,88,23589,1,90,4095,3916,356268,1069248
20,2024-07-25,21:44:42,gtb_bcc32.exe,brnglr_slr1.gtb,0,gamma2,rhul/str/gamma3.gtb,rhul//b.100,200,BRNGLR,Accept,0.000000,0.000000,0.234000,0.000000,0.000000,0.000000,100,0,0,398,98,29209,1,100,5050,4851,489853,1470053
21,2024-07-25,21:44:43,gtb_bcc32.exe,brnglr_slr1.gtb,0,gamma3,rhul/str/gamma3.gtb,rhul//b.001,2,BRNGLR,Accept,0.000000,0.000000,0.000000,0.000000,0.000000,0.000000,1,0,0,3,0,2,1,1,1,0,0,1
22,2024-07-25,21:44:43,gtb_bcc32.exe,brnglr_slr1.gtb,0,gamma3,rhul/str/gamma3.gtb,rhul//b.002,4,BRNGLR,Accept,0.000000,0.000000,0.000000,0.000000,0.000000,0.000000,2,0,0,6,0,5,1,2,3,0,0,4
23,2024-07-25,21:44:43,gtb_bcc32.exe,brnglr_slr1.gtb,0,gamma3,rhul/str/gamma3.gtb,rhul//b.003,6,BRNGLR,Accept,0.000000,0.000000,0.000000,0.000000,0.000000,0.000000,3,0,0,10,1,12,1,3,6,1,3,18
24,2024-07-25,21:44:43,gtb_bcc32.exe,brnglr_slr1.gtb,0,gamma3,rhul/str/gamma3.gtb,rhul//b.004,8,BRNGLR,Accept,0.000000,0.000000,0.000000,0.000000,0.000000,0.000000,4,0,0,14,2,25,1,4,10,3,13,53
25,2024-07-25,21:44:43,gtb_bcc32.exe,brnglr_slr1.gtb,0,gamma3,rhul/str/gamma3.gtb,rhul//b.005,10,BRNGLR,Accept,0.000000,0.000000,0.000000,0.000000,0.000000,0.000000,5,0,0,18,3,44,1,5,15,6,33,118
26,2024-07-25,21:44:43,gtb_bcc32.exe,brnglr_slr1.gtb,0,gamma3,rhul/str/gamma3.gtb,rhul//b.006,12,BRNGLR,Accept,0.000000,0.000000,0.000000,0.000000,0.000000,0.000000,6,0,0,22,4,69,1,6,21,10,66,222
27,2024-07-25,21:44:43,gtb_bcc32.exe,brnglr_slr1.gtb,0,gamma3,rhul/str/gamma3.gtb,rhul//b.007,14,BRNGLR,Accept,0.000000,0.000000,0.000000,0.000000,0.000000,0.000000,7,0,0,26,5,100,1,7,28,15,115,374
28,2024-07-25,21:44:43,gtb_bcc32.exe,brnglr_slr1.gtb,0,gamma3,rhul/str/gamma3.gtb,rhul//b.008,16,BRNGLR,Accept,0.000000,0.000000,0.000000,0.000000,0.000000,0.000000,8,0,0,30,6,137,1,8,36,21,183,583
29,2024-07-25,21:44:43,gtb_bcc32.exe,brnglr_slr1.gtb,0,gamma3,rhul/str/gamma3.gtb,rhul//b.009,18,BRNGLR,Accept,0.000000,0.000000,0.000000,0.000000,0.000000,0.000000,9,0,0,34,7,180,1,9,45,28,273,858
30,2024-07-25,21:44:44,gtb_bcc32.exe,brnglr_slr1.gtb,0,gamma3,rhul/str/gamma3.gtb,rhul//b.010,20,BRNGLR,Accept,0.000000,0.000000,0.000000,0.000000,0.000000,0.000000,10,0,0,38,8,229,1,10,55,36,388,1208
31,2024-07-25,21:44:44,gtb_bcc32.exe,brnglr_slr1.gtb,0,gamma3,rhul/str/gamma3.gtb,rhul//b.011,22,BRNGLR,Accept,0.000000,0.000000,0.000000,0.000000,0.000000,0.000000,11,0,0,42,9,284,1,11,66,45,531,1642
32,2024-07-25,21:44:44,gtb_bcc32.exe,brnglr_slr1.gtb,0,gamma3,rhul/str/gamma3.gtb,rhul//b.012,24,BRNGLR,Accept,0.000000,0.000000,0.000000,0.000000,0.000000,0.000000,12,0,0,46,10,345,1,12,78,55,705,2169
33,2024-07-25,21:44:44,gtb_bcc32.exe,brnglr_slr1.gtb,0,gamma3,rhul/str/gamma3.gtb,rhul//b.013,26,BRNGLR,Accept,0.000000,0.000000,0.000000,0.000000,0.000000,0.000000,13,0,0,50,11,412,1,13,91,66,913,2798
34,2024-07-25,21:44:44,gtb_bcc32.exe,brnglr_slr1.gtb,0,gamma3,rhul/str/gamma3.gtb,rhul//b.014,28,BRNGLR,Accept,0.000000,0.000000,0.000000,0.000000,0.000000,0.000000,14,0,0,54,12,485,1,14,105,78,1158,3538
35,2024-07-25,21:44:44,gtb_bcc32.exe,brnglr_slr1.gtb,0,gamma3,rhul/str/gamma3.gtb,rhul//b.015,30,BRNGLR,Accept,0.000000,0.000000,0.000000,0.000000,0.000000,0.000000,15,0,0,58,13,564,1,15,120,91,1443,4398
36,2024-07-25,21:44:44,gtb_bcc32.exe,brnglr_slr1.gtb,0,gamma3,rhul/str/gamma3.gtb,rhul//b.016,32,BRNGLR,Accept,0.000000,0.000000,0.000000,0.000000,0.000000,0.000000,16,0,0,62,14,649,1,16,136,105,1771,5387
37,2024-07-25,21:44:44,gtb_bcc32.exe,brnglr_slr1.gtb,0,gamma3,rhul/str/gamma3.gtb,rhul//b.017,34,BRNGLR,Accept,0.000000,0.000000,0.000000,0.000000,0.000000,0.000000,17,0,0,66,15,740,1,17,153,120,2145,6514
38,2024-07-25,21:44:44,gtb_bcc32.exe,brnglr_slr1.gtb,0,gamma3,rhul/str/gamma3.gtb,rhul//b.018,36,BRNGLR,Accept,0.000000,0.000000,0.000000,0.000000,0.000000,0.000000,18,0,0,70,16,837,1,18,171,136,2568,7788
39,2024-07-25,21:44:44,gtb_bcc32.exe,brnglr_slr1.gtb,0,gamma3,rhul/str/gamma3.gtb,rhul//b.019,38,BRNGLR,Accept,0.000000,0.000000,0.000000,0.000000,0.000000,0.000000,19,0,0,74,17,940,1,19,190,153,3043,9218
40,2024-07-25,21:44:44,gtb_bcc32.exe,brnglr_slr1.gtb,0,gamma3,rhul/str/gamma3.gtb,rhul//b.020,40,BRNGLR,Accept,0.000000,0.000000,0.000000,0.000000,0.000000,0.000000,20,0,0,78,18,1049,1,20,210,171,3573,10813
41,2024-07-25,21:44:44,gtb_bcc32.exe,brnglr_slr1.gtb,0,gamma3,rhul/str/gamma3.gtb,rhul//b.021,42,BRNGLR,Accept,0.000000,0.000000,0.000000,0.000000,0.000000,0.000000,21,0,0,82,19,1164,1,21,231,190,4161,12582
42,2024-07-25,21:44:45,gtb_bcc32.exe,brnglr_slr1.gtb,0,gamma3,rhul/str/gamma3.gtb,rhul//b.022,44,BRNGLR,Accept,0.000000,0.000000,0.000000,0.000000,0.000000,0.000000,22,0,0,86,20,1285,1,22,253,210,4810,14534
43,2024-07-25,21:44:45,gtb_bcc32.exe,brnglr_slr1.gtb,0,gamma3,rhul/str/gamma3.gtb,rhul//b.023,46,BRNGLR,Accept,0.000000,0.000000,0.000000,0.000000,0.000000,0.000000,23,0,0,90,21,1412,1,23,276,231,5523,16678
44,2024-07-25,21:44:45,gtb_bcc32.exe,brnglr_slr1.gtb,0,gamma3,rhul/str/gamma3.gtb,rhul//b.024,48,BRNGLR,Accept,0.000000,0.000000,0.000000,0.000000,0.000000,0.000000,24,0,0,94,22,1545,1,24,300,253,6303,19023
45,2024-07-25,21:44:45,gtb_bcc32.exe,brnglr_slr1.gtb,0,gamma3,rhul/str/gamma3.gtb,rhul//b.025,50,BRNGLR,Accept,0.000000,0.000000,0.000000,0.000000,0.000000,0.000000,25,0,0,98,23,1684,1,25,325,276,7153,21578
46,2024-07-25,21:44:45,gtb_bcc32.exe,brnglr_slr1.gtb,0,gamma3,rhul/str/gamma3.gtb,rhul//b.026,52,BRNGLR,Accept,0.000000,0.000000,0.000000,0.000000,0.000000,0.000000,26,0,0,102,24,1829,1,26,351,300,8076,24352
47,2024-07-25,21:44:45,gtb_bcc32.exe,brnglr_slr1.gtb,0,gamma3,rhul/str/gamma3.gtb,rhul//b.027,54,BRNGLR,Accept,0.000000,0.000000,0.000000,0.000000,0.000000,0.000000,27,0,0,106,25,1980,1,27,378,325,9075,27354
48,2024-07-25,21:44:45,gtb_bcc32.exe,brnglr_slr1.gtb,0,gamma3,rhul/str/gamma3.gtb,rhul//b.028,56,BRNGLR,Accept,0.000000,0.000000,0.000000,0.000000,0.000000,0.000000,28,0,0,110,26,2137,1,28,406,351,10153,30593
49,2024-07-25,21:44:45,gtb_bcc32.exe,brnglr_slr1.gtb,0,gamma3,rhul/str/gamma3.gtb,rhul//b.029,58,BRNGLR,Accept,0.000000,0.000000,0.015000,0.000000,0.000000,0.000000,29,0,0,114,27,2300,1,29,435,378,11313,34078
50,2024-07-25,21:44:45,gtb_bcc32.exe,brnglr_slr1.gtb,0,gamma3,rhul/str/gamma3.gtb,rhul//b.030,60,BRNGLR,Accept,0.000000,0.000000,0.000000,0.000000,0.000000,0.000000,30,0,0,118,28,2469,1,30,465,406,12558,37818
51,2024-07-25,21:44:45,gtb_bcc32.exe,brnglr_slr1.gtb,0,gamma3,rhul/str/gamma3.gtb,rhul//b.031,62,BRNGLR,Accept,0.000000,0.000000,0.000000,0.000000,0.000000,0.000000,31,0,0,122,29,2644,1,31,496,435,13891,41822
52,2024-07-25,21:44:45,gtb_bcc32.exe,brnglr_slr1.gtb,0,gamma3,rhul/str/gamma3.gtb,rhul//b.032,64,BRNGLR,Accept,0.000000,0.000000,0.000000,0.000000,0.000000,0.000000,32,0,0,126,30,2825,1,32,528,465,15315,46099
53,2024-07-25,21:44:46,gtb_bcc32.exe,brnglr_slr1.gtb,0,gamma3,rhul/str/gamma3.gtb,rhul//b.033,66,BRNGLR,Accept,0.000000,0.000000,0.016000,0.000000,0.000000,0.000000,33,0,0,130,31,3012,1,33,561,496,16833,50658
54,2024-07-25,21:44:46,gtb_bcc32.exe,brnglr_slr1.gtb,0,gamma3,rhul/str/gamma3.gtb,rhul//b.034,68,BRNGLR,Accept,0.000000,0.000000,0.015000,0.000000,0.000000,0.000000,34,0,0,134,32,3205,1,34,595,528,18448,55508
55,2024-07-25,21:44:46,gtb_bcc32.exe,brnglr_slr1.gtb,0,gamma3,rhul/str/gamma3.gtb,rhul//b.035,70,BRNGLR,Accept,0.000000,0.000000,0.016000,0.000000,0.000000,0.000000,35,0,0,138,33,3404,1,35,630,561,20163,60658
56,2024-07-25,21:44:46,gtb_bcc32.exe,brnglr_slr1.gtb,0,gamma3,rhul/str/gamma3.gtb,rhul//b.036,72,BRNGLR,Accept,0.000000,0.000000,0.016000,0.000000,0.000000,0.000000,36,0,0,142,34,3609,1,36,666,595,21981,66117
57,2024-07-25,21:44:46,gtb_bcc32.exe,brnglr_slr1.gtb,0,gamma3,rhul/str/gamma3.gtb,rhul//b.037,74,BRNGLR,Accept,0.000000,0.000000,0.016000,0.000000,0.000000,0.000000,37,0,0,146,35,3820,1,37,703,630,23905,71894
58,2024-07-25,21:44:46,gtb_bcc32.exe,brnglr_slr1.gtb,0,gamma3,rhul/str/gamma3.gtb,rhul//b.038,76,BRNGLR,Accept,0.000000,0.000000,0.000000,0.000000,0.000000,0.000000,38,0,0,150,36,4037,1,38,741,666,25938,77998
59,2024-07-25,21:44:46,gtb_bcc32.exe,brnglr_slr1.gtb,0,gamma3,rhul/str/gamma3.gtb,rhul//b.039,78,BRNGLR,Accept,0.000000,0.000000,0.016000,0.000000,0.000000,0.000000,39,0,0,154,37,4260,1,39,780,703,28083,84438
60,2024-07-25,21:44:46,gtb_bcc32.exe,brnglr_slr1.gtb,0,gamma3,rhul/str/gamma3.gtb,rhul//b.040,80,BRNGLR,Accept,0.000000,0.000000,0.015000,0.000000,0.000000,0.000000,40,0,0,158,38,4489,1,40,820,741,30343,91223
61,2024-07-25,21:44:46,gtb_bcc32.exe,brnglr_slr1.gtb,0,gamma3,rhul/str/gamma3.gtb,rhul//b.041,82,BRNGLR,Accept,0.000000,0.000000,0.000000,0.000000,0.000000,0.000000,41,0,0,162,39,4724,1,41,861,780,32721,98362
62,2024-07-25,21:44:46,gtb_bcc32.exe,brnglr_slr1.gtb,0,gamma3,rhul/str/gamma3.gtb,rhul//b.042,84,BRNGLR,Accept,0.000000,0.000000,0.016000,0.000000,0.000000,0.000000,42,0,0,166,40,4965,1,42,903,820,35220,105864
63,2024-07-25,21:44:47,gtb_bcc32.exe,brnglr_slr1.gtb,0,gamma3,rhul/str/gamma3.gtb,rhul//b.043,86,BRNGLR,Accept,0.000000,0.000000,0.016000,0.000000,0.000000,0.000000,43,0,0,170,41,5212,1,43,946,861,37843,113738
64,2024-07-25,21:44:47,gtb_bcc32.exe,brnglr_slr1.gtb,0,gamma3,rhul/str/gamma3.gtb,rhul//b.044,88,BRNGLR,Accept,0.000000,0.000000,0.015000,0.000000,0.000000,0.000000,44,0,0,174,42,5465,1,44,990,903,40593,121993
65,2024-07-25,21:44:47,gtb_bcc32.exe,brnglr_slr1.gtb,0,gamma3,rhul/str/gamma3.gtb,rhul//b.045,90,BRNGLR,Accept,0.000000,0.000000,0.016000,0.000000,0.000000,0.000000,45,0,0,178,43,5724,1,45,1035,946,43473,130638
66,2024-07-25,21:44:47,gtb_bcc32.exe,brnglr_slr1.gtb,0,gamma3,rhul/str/gamma3.gtb,rhul//b.046,92,BRNGLR,Accept,0.000000,0.000000,0.015000,0.000000,0.000000,0.000000,46,0,0,182,44,5989,1,46,1081,990,46486,139682
67,2024-07-25,21:44:47,gtb_bcc32.exe,brnglr_slr1.gtb,0,gamma3,rhul/str/gamma3.gtb,rhul//b.047,94,BRNGLR,Accept,0.000000,0.000000,0.016000,0.000000,0.000000,0.000000,47,0,0,186,45,6260,1,47,1128,1035,49635,149134
68,2024-07-25,21:44:47,gtb_bcc32.exe,brnglr_slr1.gtb,0,gamma3,rhul/str/gamma3.gtb,rhul//b.048,96,BRNGLR,Accept,0.000000,0.000000,0.031000,0.000000,0.000000,0.000000,48,0,0,190,46,6537,1,48,1176,1081,52923,159003
69,2024-07-25,21:44:47,gtb_bcc32.exe,brnglr_slr1.gtb,0,gamma3,rhul/str/gamma3.gtb,rhul//b.049,98,BRNGLR,Accept,0.000000,0.000000,0.031000,0.000000,0.000000,0.000000,49,0,0,194,47,6820,1,49,1225,1128,56353,169298
70,2024-07-25,21:44:47,gtb_bcc32.exe,brnglr_slr1.gtb,0,gamma3,rhul/str/gamma3.gtb,rhul//b.050,100,BRNGLR,Accept,0.000000,0.000000,0.016000,0.000000,0.000000,0.000000,50,0,0,198,48,7109,1,50,1275,1176,59928,180028
71,2024-07-25,21:44:47,gtb_bcc32.exe,brnglr_slr1.gtb,0,gamma3,rhul/str/gamma3.gtb,rhul//b.051,102,BRNGLR,Accept,0.000000,0.000000,0.032000,0.000000,0.000000,0.000000,51,0,0,202,49,7404,1,51,1326,1225,63651,191202
72,2024-07-25,21:44:48,gtb_bcc32.exe,brnglr_slr1.gtb,0,gamma3,rhul/str/gamma3.gtb,rhul//b.052,104,BRNGLR,Accept,0.000000,0.000000,0.031000,0.000000,0.000000,0.000000,52,0,0,206,50,7705,1,52,1378,1275,67525,202829
73,2024-07-25,21:44:48,gtb_bcc32.exe,brnglr_slr1.gtb,0,gamma3,rhul/str/gamma3.gtb,rhul//b.053,106,BRNGLR,Accept,0.000000,0.000000,0.015000,0.000000,0.000000,0.000000,53,0,0,210,51,8012,1,53,1431,1326,71553,214918
74,2024-07-25,21:44:48,gtb_bcc32.exe,brnglr_slr1.gtb,0,gamma3,rhul/str/gamma3.gtb,rhul//b.054,108,BRNGLR,Accept,0.000000,0.000000,0.031000,0.000000,0.000000,0.000000,54,0,0,214,52,8325,1,54,1485,1378,75738,227478
75,2024-07-25,21:44:48,gtb_bcc32.exe,brnglr_slr1.gtb,0,gamma3,rhul/str/gamma3.gtb,rhul//b.055,110,BRNGLR,Accept,0.000000,0.000000,0.031000,0.000000,0.000000,0.000000,55,0,0,218,53,8644,1,55,1540,1431,80083,240518
76,2024-07-25,21:44:48,gtb_bcc32.exe,brnglr_slr1.gtb,0,gamma3,rhul/str/gamma3.gtb,rhul//b.056,112,BRNGLR,Accept,0.000000,0.000000,0.047000,0.000000,0.000000,0.000000,56,0,0,222,54,8969,1,56,1596,1485,84591,254047
77,2024-07-25,21:44:48,gtb_bcc32.exe,brnglr_slr1.gtb,0,gamma3,rhul/str/gamma3.gtb,rhul//b.057,114,BRNGLR,Accept,0.000000,0.000000,0.047000,0.000000,0.000000,0.000000,57,0,0,226,55,9300,1,57,1653,1540,89265,268074
78,2024-07-25,21:44:48,gtb_bcc32.exe,brnglr_slr1.gtb,0,gamma3,rhul/str/gamma3.gtb,rhul//b.058,116,BRNGLR,Accept,0.000000,0.000000,0.032000,0.000000,0.000000,0.000000,58,0,0,230,56,9637,1,58,1711,1596,94108,282608
79,2024-07-25,21:44:48,gtb_bcc32.exe,brnglr_slr1.gtb,0,gamma3,rhul/str/gamma3.gtb,rhul//b.059,118,BRNGLR,Accept,0.000000,0.000000,0.031000,0.000000,0.000000,0.000000,59,0,0,234,57,9980,1,59,1770,1653,99123,297658
80,2024-07-25,21:44:49,gtb_bcc32.exe,brnglr_slr1.gtb,0,gamma3,rhul/str/gamma3.gtb,rhul//b.060,120,BRNGLR,Accept,0.000000,0.000000,0.047000,0.000000,0.000000,0.000000,60,0,0,238,58,10329,1,60,1830,1711,104313,313233
81,2024-07-25,21:44:49,gtb_bcc32.exe,brnglr_slr1.gtb,0,gamma3,rhul/str/gamma3.gtb,rhul//b.061,122,BRNGLR,Accept,0.000000,0.000000,0.046000,0.000000,0.000000,0.000000,61,0,0,242,59,10684,1,61,1891,1770,109681,329342
82,2024-07-25,21:44:49,gtb_bcc32.exe,brnglr_slr1.gtb,0,gamma3,rhul/str/gamma3.gtb,rhul//b.062,124,BRNGLR,Accept,0.000000,0.000000,0.047000,0.000000,0.000000,0.000000,62,0,0,246,60,11045,1,62,1953,1830,115230,345994
83,2024-07-25,21:44:49,gtb_bcc32.exe,brnglr_slr1.gtb,0,gamma3,rhul/str/gamma3.gtb,rhul//b.063,126,BRNGLR,Accept,0.000000,0.000000,0.062000,0.000000,0.000000,0.000000,63,0,0,250,61,11412,1,63,2016,1891,120963,363198
84,2024-07-25,21:44:49,gtb_bcc32.exe,brnglr_slr1.gtb,0,gamma3,rhul/str/gamma3.gtb,rhul//b.064,128,BRNGLR,Accept,0.000000,0.000000,0.047000,0.000000,0.000000,0.000000,64,0,0,254,62,11785,1,64,2080,1953,126883,380963
85,2024-07-25,21:44:49,gtb_bcc32.exe,brnglr_slr1.gtb,0,gamma3,rhul/str/gamma3.gtb,rhul//b.065,130,BRNGLR,Accept,0.000000,0.000000,0.047000,0.000000,0.000000,0.000000,65,0,0,258,63,12164,1,65,2145,2016,132993,399298
86,2024-07-25,21:44:49,gtb_bcc32.exe,brnglr_slr1.gtb,0,gamma3,rhul/str/gamma3.gtb,rhul//b.066,132,BRNGLR,Accept,0.000000,0.000000,0.063000,0.000000,0.000000,0.000000,66,0,0,262,64,12549,1,66,2211,2080,139296,418212
87,2024-07-25,21:44:50,gtb_bcc32.exe,brnglr_slr1.gtb,0,gamma3,rhul/str/gamma3.gtb,rhul//b.067,134,BRNGLR,Accept,0.000000,0.000000,0.063000,0.000000,0.000000,0.000000,67,0,0,266,65,12940,1,67,2278,2145,145795,437714
88,2024-07-25,21:44:50,gtb_bcc32.exe,brnglr_slr1.gtb,0,gamma3,rhul/str/gamma3.gtb,rhul//b.068,136,BRNGLR,Accept,0.000000,0.000000,0.078000,0.000000,0.000000,0.000000,68,0,0,270,66,13337,1,68,2346,2211,152493,457813
89,2024-07-25,21:44:50,gtb_bcc32.exe,brnglr_slr1.gtb,0,gamma3,rhul/str/gamma3.gtb,rhul//b.069,138,BRNGLR,Accept,0.000000,0.000000,0.078000,0.000000,0.000000,0.000000,69,0,0,274,67,13740,1,69,2415,2278,159393,478518
90,2024-07-25,21:44:50,gtb_bcc32.exe,brnglr_slr1.gtb,0,gamma3,rhul/str/gamma3.gtb,rhul//b.070,140,BRNGLR,Accept,0.000000,0.000000,0.079000,0.000000,0.000000,0.000000,70,0,0,278,68,14149,1,70,2485,2346,166498,499838
91,2024-07-25,21:44:50,gtb_bcc32.exe,brnglr_slr1.gtb,0,gamma3,rhul/str/gamma3.gtb,rhul//b.071,142,BRNGLR,Accept,0.000000,0.000000,0.078000,0.000000,0.000000,0.000000,71,0,0,282,69,14564,1,71,2556,2415,173811,521782
92,2024-07-25,21:44:50,gtb_bcc32.exe,brnglr_slr1.gtb,0,gamma3,rhul/str/gamma3.gtb,rhul//b.072,144,BRNGLR,Accept,0.000000,0.000000,0.078000,0.000000,0.000000,0.000000,72,0,0,286,70,14985,1,72,2628,2485,181335,544359
93,2024-07-25,21:44:51,gtb_bcc32.exe,brnglr_slr1.gtb,0,gamma3,rhul/str/gamma3.gtb,rhul//b.073,146,BRNGLR,Accept,0.000000,0.000000,0.078000,0.000000,0.000000,0.000000,73,0,0,290,71,15412,1,73,2701,2556,189073,567578
94,2024-07-25,21:44:51,gtb_bcc32.exe,brnglr_slr1.gtb,0,gamma3,rhul/str/gamma3.gtb,rhul//b.074,148,BRNGLR,Accept,0.000000,0.000000,0.094000,0.000000,0.000000,0.000000,74,0,0,294,72,15845,1,74,2775,2628,197028,591448
95,2024-07-25,21:44:51,gtb_bcc32.exe,brnglr_slr1.gtb,0,gamma3,rhul/str/gamma3.gtb,rhul//b.075,150,BRNGLR,Accept,0.000000,0.000000,0.094000,0.000000,0.000000,0.000000,75,0,0,298,73,16284,1,75,2850,2701,205203,615978
96,2024-07-25,21:44:51,gtb_bcc32.exe,brnglr_slr1.gtb,0,gamma3,rhul/str/gamma3.gtb,rhul//b.076,152,BRNGLR,Accept,0.000000,0.000000,0.094000,0.000000,0.000000,0.000000,76,0,0,302,74,16729,1,76,2926,2775,213601,641177
97,2024-07-25,21:44:51,gtb_bcc32.exe,brnglr_slr1.gtb,0,gamma3,rhul/str/gamma3.gtb,rhul//b.077,154,BRNGLR,Accept,0.000000,0.000000,0.094000,0.000000,0.000000,0.000000,77,0,0,306,75,17180,1,77,3003,2850,222225,667054
98,2024-07-25,21:44:52,gtb_bcc32.exe,brnglr_slr1.gtb,0,gamma3,rhul/str/gamma3.gtb,rhul//b.078,156,BRNGLR,Accept,0.000000,0.000000,0.109000,0.000000,0.000000,0.000000,78,0,0,310,76,17637,1,78,3081,2926,231078,693618
99,2024-07-25,21:44:52,gtb_bcc32.exe,brnglr_slr1.gtb,0,gamma3,rhul/str/gamma3.gtb,rhul//b.079,158,BRNGLR,Accept,0.000000,0.000000,0.109000,0.000000,0.000000,0.000000,79,0,0,314,77,18100,1,79,3160,3003,240163,720878
100,2024-07-25,21:44:52,gtb_bcc32.exe,brnglr_slr1.gtb,0,gamma3,rhul/str/gamma3.gtb,rhul//b.080,160,BRNGLR,Accept,0.000000,0.000000,0.125000,0.000000,0.000000,0.000000,80,0,0,318,78,18569,1,80,3240,3081,249483,748843
101,2024-07-25,21:44:52,gtb_bcc32.exe,brnglr_slr1.gtb,0,gamma3,rhul/str/gamma3.gtb,rhul//b.081,162,BRNGLR,Accept,0.000000,0.000000,0.125000,0.000000,0.000000,0.000000,81,0,0,322,79,19044,1,81,3321,3160,259041,777522
102,2024-07-25,21:44:53,gtb_bcc32.exe,brnglr_slr1.gtb,0,gamma3,rhul/str/gamma3.gtb,rhul//b.082,164,BRNGLR,Accept,0.000000,0.000000,0.109000,0.000000,0.000000,0.000000,82,0,0,326,80,19525,1,82,3403,3240,268840,806924
103,2024-07-25,21:44:53,gtb_bcc32.exe,brnglr_slr1.gtb,0,gamma3,rhul/str/gamma3.gtb,rhul//b.083,166,BRNGLR,Accept,0.000000,0.000000,0.125000,0.000000,0.000000,0.000000,83,0,0,330,81,20012,1,83,3486,3321,278883,837058
104,2024-07-25,21:44:53,gtb_bcc32.exe,brnglr_slr1.gtb,0,gamma3,rhul/str/gamma3.gtb,rhul//b.084,168,BRNGLR,Accept,0.000000,0.000000,0.141000,0.000000,0.000000,0.000000,84,0,0,334,82,20505,1,84,3570,3403,289173,867933
105,2024-07-25,21:44:53,gtb_bcc32.exe,brnglr_slr1.gtb,0,gamma3,rhul/str/gamma3.gtb,rhul//b.085,170,BRNGLR,Accept,0.000000,0.000000,0.140000,0.000000,0.000000,0.000000,85,0,0,338,83,21004,1,85,3655,3486,299713,899558
106,2024-07-25,21:44:54,gtb_bcc32.exe,brnglr_slr1.gtb,0,gamma3,rhul/str/gamma3.gtb,rhul//b.086,172,BRNGLR,Accept,0.000000,0.000000,0.141000,0.000000,0.000000,0.000000,86,0,0,342,84,21509,1,86,3741,3570,310506,931942
107,2024-07-25,21:44:54,gtb_bcc32.exe,brnglr_slr1.gtb,0,gamma3,rhul/str/gamma3.gtb,rhul//b.087,174,BRNGLR,Accept,0.000000,0.000000,0.156000,0.000000,0.000000,0.000000,87,0,0,346,85,22020,1,87,3828,3655,321555,965094
108,2024-07-25,21:44:54,gtb_bcc32.exe,brnglr_slr1.gtb,0,gamma3,rhul/str/gamma3.gtb,rhul//b.088,176,BRNGLR,Accept,0.000000,0.000000,0.157000,0.000000,0.000000,0.000000,88,0,0,350,86,22537,1,88,3916,3741,332863,999023
109,2024-07-25,21:44:54,gtb_bcc32.exe,brnglr_slr1.gtb,0,gamma3,rhul/str/gamma3.gtb,rhul//b.089,178,BRNGLR,Accept,0.000000,0.000000,0.171000,0.000000,0.000000,0.000000,89,0,0,354,87,23060,1,89,4005,3828,344433,1033738
110,2024-07-25,21:44:55,gtb_bcc32.exe,brnglr_slr1.gtb,0,gamma3,rhul/str/gamma3.gtb,rhul//b.090,180,BRNGLR,Accept,0.000000,0.000000,0.172000,0.000000,0.000000,0.000000,90,0,0,358,88,23589,1,90,4095,3916,356268,1069248
111,2024-07-25,21:44:55,gtb_bcc32.exe,brnglr_slr1.gtb,0,gamma3,rhul/str/gamma3.gtb,rhul//b.091,182,BRNGLR,Accept,0.000000,0.000000,0.172000,0.000000,0.000000,0.000000,91,0,0,362,89,24124,1,91,4186,4005,368371,1105562
112,2024-07-25,21:44:55,gtb_bcc32.exe,brnglr_slr1.gtb,0,gamma3,rhul/str/gamma3.gtb,rhul//b.092,184,BRNGLR,Accept,0.000000,0.000000,0.188000,0.000000,0.000000,0.000000,92,0,0,366,90,24665,1,92,4278,4095,380745,1142689
113,2024-07-25,21:44:56,gtb_bcc32.exe,brnglr_slr1.gtb,0,gamma3,rhul/str/gamma3.gtb,rhul//b.093,186,BRNGLR,Accept,0.000000,0.000000,0.187000,0.000000,0.000000,0.000000,93,0,0,370,91,25212,1,93,4371,4186,393393,1180638
114,2024-07-25,21:44:56,gtb_bcc32.exe,brnglr_slr1.gtb,0,gamma3,rhul/str/gamma3.gtb,rhul//b.094,188,BRNGLR,Accept,0.000000,0.000000,0.187000,0.000000,0.000000,0.000000,94,0,0,374,92,25765,1,94,4465,4278,406318,1219418
115,2024-07-25,21:44:56,gtb_bcc32.exe,brnglr_slr1.gtb,0,gamma3,rhul/str/gamma3.gtb,rhul//b.095,190,BRNGLR,Accept,0.000000,0.000000,0.188000,0.000000,0.000000,0.000000,95,0,0,378,93,26324,1,95,4560,4371,419523,1259038
116,2024-07-25,21:44:57,gtb_bcc32.exe,brnglr_slr1.gtb,0,gamma3,rhul/str/gamma3.gtb,rhul//b.096,192,BRNGLR,Accept,0.000000,0.000000,0.203000,0.000000,0.000000,0.000000,96,0,0,382,94,26889,1,96,4656,4465,433011,1299507
117,2024-07-25,21:44:57,gtb_bcc32.exe,brnglr_slr1.gtb,0,gamma3,rhul/str/gamma3.gtb,rhul//b.097,194,BRNGLR,Accept,0.000000,0.000000,0.218000,0.000000,0.000000,0.000000,97,0,0,386,95,27460,1,97,4753,4560,446785,1340834
118,2024-07-25,21:44:57,gtb_bcc32.exe,brnglr_slr1.gtb,0,gamma3,rhul/str/gamma3.gtb,rhul//b.098,196,BRNGLR,Accept,0.000000,0.000000,0.234000,0.000000,0.000000,0.000000,98,0,0,390,96,28037,1,98,4851,4656,460848,1383028
119,2024-07-25,21:44:58,gtb_bcc32.exe,brnglr_slr1.gtb,0,gamma3,rhul/str/gamma3.gtb,rhul//b.099,198,BRNGLR,Accept,0.000000,0.000000,0.234000,0.000000,0.000000,0.000000,99,0,0,394,97,28620,1,99,4950,4753,475203,1426098
120,2024-07-25,21:44:58,gtb_bcc32.exe,brnglr_slr1.gtb,0,gamma3,rhul/str/gamma3.gtb,rhul//b.100,200,BRNGLR,Accept,0.000000,0.000000,0.235000,0.000000,0.000000,0.000000,100,0,0,398,98,29209,1,100,5050,4851,489853,1470053
121,2024-07-25,21:44:59,gtb_bcc32.exe,brnglr_slr1.gtb,0,gamma3,rhul/str/gamma3.gtb,rhul//b.101,202,BRNGLR,Accept,0.000000,0.000000,0.235000,0.000000,0.000000,0.000000,101,0,0,402,99,29804,1,101,5151,4950,504801,1514902
122,2024-07-25,21:44:59,gtb_bcc32.exe,brnglr_slr1.gtb,0,gamma3,rhul/str/gamma3.gtb,rhul//b.102,204,BRNGLR,Accept,0.000000,0.000000,0.265000,0.000000,0.000000,0.000000,102,0,0,406,100,30405,1,102,5253,5050,520050,1560654
123,2024-07-25,21:44:59,gtb_bcc32.exe,brnglr_slr1.gtb,0,gamma3,rhul/str/gamma3.gtb,rhul//b.103,206,BRNGLR,Accept,0.000000,0.000000,0.265000,0.000000,0.000000,0.000000,103,0,0,410,101,31012,1,103,5356,5151,535603,1607318
124,2024-07-25,21:45:00,gtb_bcc32.exe,brnglr_slr1.gtb,0,gamma3,rhul/str/gamma3.gtb,rhul//b.104,208,BRNGLR,Accept,0.000000,0.000000,0.266000,0.000000,0.000000,0.000000,104,0,0,414,102,31625,1,104,5460,5253,551463,1654903
125,2024-07-25,21:45:00,gtb_bcc32.exe,brnglr_slr1.gtb,0,gamma3,rhul/str/gamma3.gtb,rhul//b.105,210,BRNGLR,Accept,0.000000,0.000000,0.281000,0.000000,0.000000,0.000000,105,0,0,418,103,32244,1,105,5565,5356,567633,1703418
126,2024-07-25,21:45:01,gtb_bcc32.exe,brnglr_slr1.gtb,0,gamma3,rhul/str/gamma3.gtb,rhul//b.106,212,BRNGLR,Accept,0.000000,0.000000,0.297000,0.000000,0.000000,0.000000,106,0,0,422,104,32869,1,106,5671,5460,584116,1752872
127,2024-07-25,21:45:01,gtb_bcc32.exe,brnglr_slr1.gtb,0,gamma3,rhul/str/gamma3.gtb,rhul//b.107,214,BRNGLR,Accept,0.000000,0.000000,0.297000,0.000000,0.000000,0.000000,107,0,0,426,105,33500,1,107,5778,5565,600915,1803274
128,2024-07-25,21:45:02,gtb_bcc32.exe,brnglr_slr1.gtb,0,gamma3,rhul/str/gamma3.gtb,rhul//b.108,216,BRNGLR,Accept,0.000000,0.000000,0.312000,0.000000,0.000000,0.000000,108,0,0,430,106,34137,1,108,5886,5671,618033,1854633
129,2024-07-25,21:45:02,gtb_bcc32.exe,brnglr_slr1.gtb,0,gamma3,rhul/str/gamma3.gtb,rhul//b.109,218,BRNGLR,Accept,0.000000,0.000000,0.312000,0.000000,0.000000,0.000000,109,0,0,434,107,34780,1,109,5995,5778,635473,1906958
130,2024-07-25,21:45:03,gtb_bcc32.exe,brnglr_slr1.gtb,0,gamma3,rhul/str/gamma3.gtb,rhul//b.110,220,BRNGLR,Accept,0.000000,0.000000,0.328000,0.000000,0.000000,0.000000,110,0,0,438,108,35429,1,110,6105,5886,653238,1960258
131,2024-07-25,21:45:03,gtb_bcc32.exe,brnglr_slr1.gtb,0,gamma3,rhul/str/gamma3.gtb,rhul//b.111,222,BRNGLR,Accept,0.000000,0.000000,0.344000,0.000000,0.000000,0.000000,111,0,0,442,109,36084,1,111,6216,5995,671331,2014542
132,2024-07-25,21:45:04,gtb_bcc32.exe,brnglr_slr1.gtb,0,gamma3,rhul/str/gamma3.gtb,rhul//b.112,224,BRNGLR,Accept,0.000000,0.000000,0.359000,0.000000,0.000000,0.000000,112,0,0,446,110,36745,1,112,6328,6105,689755,2069819
133,2024-07-25,21:45:04,gtb_bcc32.exe,brnglr_slr1.gtb,0,gamma3,rhul/str/gamma3.gtb,rhul//b.113,226,BRNGLR,Accept,0.000000,0.000000,0.360000,0.000000,0.000000,0.000000,113,0,0,450,111,37412,1,113,6441,6216,708513,2126098
134,2024-07-25,21:45:05,gtb_bcc32.exe,brnglr_slr1.gtb,0,gamma3,rhul/str/gamma3.gtb,rhul//b.114,228,BRNGLR,Accept,0.000000,0.000000,0.391000,0.000000,0.000000,0.000000,114,0,0,454,112,38085,1,114,6555,6328,727608,2183388
135,2024-07-25,21:45:05,gtb_bcc32.exe,brnglr_slr1.gtb,0,gamma3,rhul/str/gamma3.gtb,rhul//b.115,230,BRNGLR,Accept,0.000000,0.000000,0.375000,0.000000,0.000000,0.000000,115,0,0,458,113,38764,1,115,6670,6441,747043,2241698
136,2024-07-25,21:45:06,gtb_bcc32.exe,brnglr_slr1.gtb,0,gamma3,rhul/str/gamma3.gtb,rhul//b.116,232,BRNGLR,Accept,0.000000,0.000000,0.406000,0.000000,0.000000,0.000000,116,0,0,462,114,39449,1,116,6786,6555,766821,2301037
137,2024-07-25,21:45:07,gtb_bcc32.exe,brnglr_slr1.gtb,0,gamma3,rhul/str/gamma3.gtb,rhul//b.117,234,BRNGLR,Accept,0.000000,0.000000,0.422000,0.000000,0.000000,0.000000,117,0,0,466,115,40140,1,117,6903,6670,786945,2361414
138,2024-07-25,21:45:07,gtb_bcc32.exe,brnglr_slr1.gtb,0,gamma3,rhul/str/gamma3.gtb,rhul//b.118,236,BRNGLR,Accept,0.000000,0.000000,0.422000,0.000000,0.000000,0.000000,118,0,0,470,116,40837,1,118,7021,6786,807418,2422838
139,2024-07-25,21:45:08,gtb_bcc32.exe,brnglr_slr1.gtb,0,gamma3,rhul/str/gamma3.gtb,rhul//b.119,238,BRNGLR,Accept,0.000000,0.000000,0.437000,0.000000,0.000000,0.000000,119,0,0,474,117,41540,1,119,7140,6903,828243,2485318
140,2024-07-25,21:45:09,gtb_bcc32.exe,brnglr_slr1.gtb,0,gamma3,rhul/str/gamma3.gtb,rhul//b.120,240,BRNGLR,Accept,0.000000,0.000000,0.453000,0.000000,0.000000,0.000000,120,0,0,478,118,42249,1,120,7260,7021,849423,2548863
141,2024-07-25,21:45:09,gtb_bcc32.exe,brnglr_slr1.gtb,0,gamma3,rhul/str/gamma3.gtb,rhul//b.121,242,BRNGLR,Accept,0.000000,0.000000,0.453000,0.000000,0.000000,0.000000,121,0,0,482,119,42964,1,121,7381,7140,870961,2613482
142,2024-07-25,21:45:10,gtb_bcc32.exe,brnglr_slr1.gtb,0,gamma3,rhul/str/gamma3.gtb,rhul//b.122,244,BRNGLR,Accept,0.000000,0.000000,0.484000,0.000000,0.000000,0.000000,122,0,0,486,120,43685,1,122,7503,7260,892860,2679184
143,2024-07-25,21:45:11,gtb_bcc32.exe,brnglr_slr1.gtb,0,gamma3,rhul/str/gamma3.gtb,rhul//b.123,246,BRNGLR,Accept,0.000000,0.000000,0.485000,0.000000,0.000000,0.000000,123,0,0,490,121,44412,1,123,7626,7381,915123,2745978
144,2024-07-25,21:45:11,gtb_bcc32.exe,brnglr_slr1.gtb,0,gamma3,rhul/str/gamma3.gtb,rhul//b.124,248,BRNGLR,Accept,0.000000,0.000000,0.484000,0.000000,0.000000,0.000000,124,0,0,494,122,45145,1,124,7750,7503,937753,2813873
145,2024-07-25,21:45:12,gtb_bcc32.exe,brnglr_slr1.gtb,0,gamma3,rhul/str/gamma3.gtb,rhul//b.125,250,BRNGLR,Accept,0.000000,0.000000,0.516000,0.000000,0.000000,0.000000,125,0,0,498,123,45884,1,125,7875,7626,960753,2882878
146,2024-07-25,21:45:13,gtb_bcc32.exe,brnglr_slr1.gtb,0,gamma3,rhul/str/gamma3.gtb,rhul//b.126,252,BRNGLR,Accept,0.000000,0.000000,0.531000,0.000000,0.000000,0.000000,126,0,0,502,124,46629,1,126,8001,7750,984126,2953002
147,2024-07-25,21:45:14,gtb_bcc32.exe,brnglr_slr1.gtb,0,gamma3,rhul/str/gamma3.gtb,rhul//b.127,254,BRNGLR,Accept,0.000000,0.000000,0.547000,0.000000,0.000000,0.000000,127,0,0,506,125,47380,1,127,8128,7875,1007875,3024254
148,2024-07-25,21:45:14,gtb_bcc32.exe,brnglr_slr1.gtb,0,gamma3,rhul/str/gamma3.gtb,rhul//b.128,256,BRNGLR,Accept,0.000000,0.000000,0.578000,0.000000,0.000000,0.000000,128,0,0,510,126,48137,1,128,8256,8001,1032003,3096643
149,2024-07-25,21:45:15,gtb_bcc32.exe,brnglr_slr1.gtb,0,gamma3,rhul/str/gamma3.gtb,rhul//b.129,258,BRNGLR,Accept,0.000000,0.000000,0.562000,0.000000,0.000000,0.000000,129,0,0,514,127,48900,1,129,8385,8128,1056513,3170178
150,2024-07-25,21:45:16,gtb_bcc32.exe,brnglr_slr1.gtb,0,gamma3,rhul/str/gamma3.gtb,rhul//b.130,260,BRNGLR,Accept,0.000000,0.000000,0.594000,0.000000,0.000000,0.000000,130,0,0,518,128,49669,1,130,8515,8256,1081408,3244868
151,2024-07-25,21:45:17,gtb_bcc32.exe,brnglr_slr1.gtb,0,gamma3,rhul/str/gamma3.gtb,rhul//b.131,262,BRNGLR,Accept,0.000000,0.000000,0.610000,0.000000,0.000000,0.000000,131,0,0,522,129,50444,1,131,8646,8385,1106691,3320722
152,2024-07-25,21:45:18,gtb_bcc32.exe,brnglr_slr1.gtb,0,gamma3,rhul/str/gamma3.gtb,rhul//b.132,264,BRNGLR,Accept,0.000000,0.000000,0.625000,0.000000,0.000000,0.000000,132,0,0,526,130,51225,1,132,8778,8515,1132365,3397749
153,2024-07-25,21:45:19,gtb_bcc32.exe,brnglr_slr1.gtb,0,gamma3,rhul/str/gamma3.gtb,rhul//b.133,266,BRNGLR,Accept,0.000000,0.000000,0.640000,0.000000,0.000000,0.000000,133,0,0,530,131,52012,1,133,8911,8646,1158433,3475958
154,2024-07-25,21:45:20,gtb_bcc32.exe,brnglr_slr1.gtb,0,gamma3,rhul/str/gamma3.gtb,rhul//b.134,268,BRNGLR,Accept,0.000000,0.000000,0.672000,0.000000,0.000000,0.000000,134,0,0,534,132,52805,1,134,9045,8778,1184898,3555358
155,2024-07-25,21:45:21,gtb_bcc32.exe,brnglr_slr1.gtb,0,gamma3,rhul/str/gamma3.gtb,rhul//b.135,270,BRNGLR,Accept,0.000000,0.000000,0.672000,0.000000,0.000000,0.000000,135,0,0,538,133,53604,1,135,9180,8911,1211763,3635958
156,2024-07-25,21:45:22,gtb_bcc32.exe,brnglr_slr1.gtb,0,gamma3,rhul/str/gamma3.gtb,rhul//b.136,272,BRNGLR,Accept,0.000000,0.000000,0.703000,0.000000,0.000000,0.000000,136,0,0,542,134,54409,1,136,9316,9045,1239031,3717767
157,2024-07-25,21:45:23,gtb_bcc32.exe,brnglr_slr1.gtb,0,gamma3,rhul/str/gamma3.gtb,rhul//b.137,274,BRNGLR,Accept,0.000000,0.000000,0.718000,0.000000,0.000000,0.000000,137,0,0,546,135,55220,1,137,9453,9180,1266705,3800794
158,2024-07-25,21:45:24,gtb_bcc32.exe,brnglr_slr1.gtb,0,gamma3,rhul/str/gamma3.gtb,rhul//b.138,276,BRNGLR,Accept,0.000000,0.000000,0.750000,0.000000,0.000000,0.000000,138,0,0,550,136,56037,1,138,9591,9316,1294788,3885048
159,2024-07-25,21:45:25,gtb_bcc32.exe,brnglr_slr1.gtb,0,gamma3,rhul/str/gamma3.gtb,rhul//b.139,278,BRNGLR,Accept,0.000000,0.000000,0.766000,0.000000,0.000000,0.000000,139,0,0,554,137,56860,1,139,9730,9453,1323283,3970538
160,2024-07-25,21:45:26,gtb_bcc32.exe,brnglr_slr1.gtb,0,gamma3,rhul/str/gamma3.gtb,rhul//b.140,280,BRNGLR,Accept,0.000000,0.000000,1.000000,0.000000,0.000000,0.000000,140,0,0,558,138,57689,1,140,9870,9591,1352193,4057273
161,2024-07-25,21:45:27,gtb_bcc32.exe,brnglr_slr1.gtb,0,gamma3,rhul/str/gamma3.gtb,rhul//b.141,282,BRNGLR,Accept,0.000000,0.000000,0.953000,0.000000,0.000000,0.000000,141,0,0,562,139,58524,1,141,10011,9730,1381521,4145262
162,2024-07-25,21:45:29,gtb_bcc32.exe,brnglr_slr1.gtb,0,gamma3,rhul/str/gamma3.gtb,rhul//b.142,284,BRNGLR,Accept,0.000000,0.000000,0.907000,0.000000,0.000000,0.000000,142,0,0,566,140,59365,1,142,10153,9870,1411270,4234514
163,2024-07-25,21:45:30,gtb_bcc32.exe,brnglr_slr1.gtb,0,gamma3,rhul/str/gamma3.gtb,rhul//b.143,286,BRNGLR,Accept,0.000000,0.000000,0.875000,0.000000,0.000000,0.000000,143,0,0,570,141,60212,1,143,10296,10011,1441443,4325038
164,2024-07-25,21:45:31,gtb_bcc32.exe,brnglr_slr1.gtb,0,gamma3,rhul/str/gamma3.gtb,rhul//b.144,288,BRNGLR,Accept,0.000000,0.000000,0.891000,0.000000,0.000000,0.000000,144,0,0,574,142,61065,1,144,10440,10153,1472043,4416843
165,2024-07-25,21:45:32,gtb_bcc32.exe,brnglr_slr1.gtb,0,gamma3,rhul/str/gamma3.gtb,rhul//b.145,290,BRNGLR,Accept,0.000000,0.000000,0.875000,0.000000,0.000000,0.000000,145,0,0,578,143,61924,1,145,10585,10296,1503073,4509938
166,2024-07-25,21:45:34,gtb_bcc32.exe,brnglr_slr1.gtb,0,gamma3,rhul/str/gamma3.gtb,rhul//b.146,292,BRNGLR,Accept,0.000000,0.000000,0.907000,0.000000,0.000000,0.000000,146,0,0,582,144,62789,1,146,10731,10440,1534536,4604332
167,2024-07-25,21:45:35,gtb_bcc32.exe,brnglr_slr1.gtb,0,gamma3,rhul/str/gamma3.gtb,rhul//b.147,294,BRNGLR,Accept,0.000000,0.000000,0.985000,0.000000,0.000000,0.000000,147,0,0,586,145,63660,1,147,10878,10585,1566435,4700034
168,2024-07-25,21:45:36,gtb_bcc32.exe,brnglr_slr1.gtb,0,gamma3,rhul/str/gamma3.gtb,rhul//b.148,296,BRNGLR,Accept,0.000000,0.000000,1.140000,0.000000,0.000000,0.000000,148,0,0,590,146,64537,1,148,11026,10731,1598773,4797053
169,2024-07-25,21:45:38,gtb_bcc32.exe,brnglr_slr1.gtb,0,gamma3,rhul/str/gamma3.gtb,rhul//b.149,298,BRNGLR,Accept,0.000000,0.000000,1.031000,0.000000,0.000000,0.000000,149,0,0,594,147,65420,1,149,11175,10878,1631553,4895398
170,2024-07-25,21:45:39,gtb_bcc32.exe,brnglr_slr1.gtb,0,gamma3,rhul/str/gamma3.gtb,rhul//b.150,300,BRNGLR,Accept,0.000000,0.000000,1.141000,0.000000,0.000000,0.000000,150,0,0,598,148,66309,1,150,11325,11026,1664778,4995078
171,2024-07-25,21:45:41,gtb_bcc32.exe,brnglr_slr1.gtb,0,gamma3,rhul/str/gamma3.gtb,rhul//b.151,302,BRNGLR,Accept,0.000000,0.000000,1.016000,0.000000,0.000000,0.000000,151,0,0,602,149,67204,1,151,11476,11175,1698451,5096102
172,2024-07-25,21:45:42,gtb_bcc32.exe,brnglr_slr1.gtb,0,gamma3,rhul/str/gamma3.gtb,rhul//b.152,304,BRNGLR,Accept,0.000000,0.000000,1.000000,0.000000,0.000000,0.000000,152,0,0,606,150,68105,1,152,11628,11325,1732575,5198479
173,2024-07-25,21:45:44,gtb_bcc32.exe,brnglr_slr1.gtb,0,gamma3,rhul/str/gamma3.gtb,rhul//b.153,306,BRNGLR,Accept,0.000000,0.000000,1.031000,0.000000,0.000000,0.000000,153,0,0,610,151,69012,1,153,11781,11476,1767153,5302218
174,2024-07-25,21:45:45,gtb_bcc32.exe,brnglr_slr1.gtb,0,gamma3,rhul/str/gamma3.gtb,rhul//b.154,308,BRNGLR,Accept,0.000000,0.000000,1.078000,0.000000,0.000000,0.000000,154,0,0,614,152,69925,1,154,11935,11628,1802188,5407328
175,2024-07-25,21:45:46,gtb_bcc32.exe,brnglr_slr1.gtb,0,gamma3,rhul/str/gamma3.gtb,rhul//b.155,310,BRNGLR,Accept,0.000000,0.000000,1.078000,0.000000,0.000000,0.000000,155,0,0,618,153,70844,1,155,12090,11781,1837683,5513818
176,2024-07-25,21:45:48,gtb_bcc32.exe,brnglr_slr1.gtb,0,gamma3,rhul/str/gamma3.gtb,rhul//b.156,312,BRNGLR,Accept,0.000000,0.000000,1.125000,0.000000,0.000000,0.000000,156,0,0,622,154,71769,1,156,12246,11935,1873641,5621697
177,2024-07-25,21:45:49,gtb_bcc32.exe,brnglr_slr1.gtb,0,gamma3,rhul/str/gamma3.gtb,rhul//b.157,314,BRNGLR,Accept,0.000000,0.000000,1.125000,0.000000,0.000000,0.000000,157,0,0,626,155,72700,1,157,12403,12090,1910065,5730974
178,2024-07-25,21:45:51,gtb_bcc32.exe,brnglr_slr1.gtb,0,gamma3,rhul/str/gamma3.gtb,rhul//b.158,316,BRNGLR,Accept,0.000000,0.000000,1.156000,0.000000,0.000000,0.000000,158,0,0,630,156,73637,1,158,12561,12246,1946958,5841658
179,2024-07-25,21:45:52,gtb_bcc32.exe,brnglr_slr1.gtb,0,gamma3,rhul/str/gamma3.gtb,rhul//b.159,318,BRNGLR,Accept,0.000000,0.000000,1.250000,0.000000,0.000000,0.000000,159,0,0,634,157,74580,1,159,12720,12403,1984323,5953758
180,2024-07-25,21:45:54,gtb_bcc32.exe,brnglr_slr1.gtb,0,gamma3,rhul/str/gamma3.gtb,rhul//b.160,320,BRNGLR,Accept,0.000000,0.000000,1.375000,0.000000,0.000000,0.000000,160,0,0,638,158,75529,1,160,12880,12561,2022163,6067283
181,2024-07-25,21:45:56,gtb_bcc32.exe,brnglr_slr1.gtb,0,gamma3,rhul/str/gamma3.gtb,rhul//b.161,322,BRNGLR,Accept,0.000000,0.000000,1.375000,0.000000,0.000000,0.000000,161,0,0,642,159,76484,1,161,13041,12720,2060481,6182242
182,2024-07-25,21:45:58,gtb_bcc32.exe,brnglr_slr1.gtb,0,gamma3,rhul/str/gamma3.gtb,rhul//b.162,324,BRNGLR,Accept,0.000000,0.000000,1.593000,0.000000,0.000000,0.000000,162,0,0,646,160,77445,1,162,13203,12880,2099280,6298644
183,2024-07-25,21:46:00,gtb_bcc32.exe,brnglr_slr1.gtb,0,gamma3,rhul/str/gamma3.gtb,rhul//b.163,326,BRNGLR,Accept,0.000000,0.000000,1.532000,0.000000,0.000000,0.000000,163,0,0,650,161,78412,1,163,13366,13041,2138563,6416498
184,2024-07-25,21:46:02,gtb_bcc32.exe,brnglr_slr1.gtb,0,gamma3,rhul/str/gamma3.gtb,rhul//b.164,328,BRNGLR,Accept,0.000000,0.000000,1.531000,0.000000,0.000000,0.000000,164,0,0,654,162,79385,1,164,13530,13203,2178333,6535813
185,2024-07-25,21:46:04,gtb_bcc32.exe,brnglr_slr1.gtb,0,gamma3,rhul/str/gamma3.gtb,rhul//b.165,330,BRNGLR,Accept,0.000000,0.000000,1.422000,0.000000,0.000000,0.000000,165,0,0,658,163,80364,1,165,13695,13366,2218593,6656598
186,2024-07-25,21:46:06,gtb_bcc32.exe,brnglr_slr1.gtb,0,gamma3,rhul/str/gamma3.gtb,rhul//b.166,332,BRNGLR,Accept,0.000000,0.000000,1.547000,0.000000,0.000000,0.000000,166,0,0,662,164,81349,1,166,13861,13530,2259346,6778862
187,2024-07-25,21:46:08,gtb_bcc32.exe,brnglr_slr1.gtb,0,gamma3,rhul/str/gamma3.gtb,rhul//b.167,334,BRNGLR,Accept,0.000000,0.000000,1.640000,0.000000,0.000000,0.000000,167,0,0,666,165,82340,1,167,14028,13695,2300595,6902614
188,2024-07-25,21:46:10,gtb_bcc32.exe,brnglr_slr1.gtb,0,gamma3,rhul/str/gamma3.gtb,rhul//b.168,336,BRNGLR,Accept,0.000000,0.000000,1.703000,0.000000,0.000000,0.000000,168,0,0,670,166,83337,1,168,14196,13861,2342343,7027863
189,2024-07-25,21:46:12,gtb_bcc32.exe,brnglr_slr1.gtb,0,gamma3,rhul/str/gamma3.gtb,rhul//b.169,338,BRNGLR,Accept,0.000000,0.000000,1.922000,0.000000,0.000000,0.000000,169,0,0,674,167,84340,1,169,14365,14028,2384593,7154618
190,2024-07-25,21:46:15,gtb_bcc32.exe,brnglr_slr1.gtb,0,gamma3,rhul/str/gamma3.gtb,rhul//b.170,340,BRNGLR,Accept,0.000000,0.000000,1.719000,0.000000,0.000000,0.000000,170,0,0,678,168,85349,1,170,14535,14196,2427348,7282888
191,2024-07-25,21:46:17,gtb_bcc32.exe,brnglr_slr1.gtb,0,gamma3,rhul/str/gamma3.gtb,rhul//b.171,342,BRNGLR,Accept,0.000000,0.000000,1.765000,0.000000,0.000000,0.000000,171,0,0,682,169,86364,1,171,14706,14365,2470611,7412682
192,2024-07-25,21:46:19,gtb_bcc32.exe,brnglr_slr1.gtb,0,gamma3,rhul/str/gamma3.gtb,rhul//b.172,344,BRNGLR,Accept,0.000000,0.000000,1.953000,0.000000,0.000000,0.000000,172,0,0,686,170,87385,1,172,14878,14535,2514385,7544009
193,2024-07-25,21:46:22,gtb_bcc32.exe,brnglr_slr1.gtb,0,gamma3,rhul/str/gamma3.gtb,rhul//b.173,346,BRNGLR,Accept,0.000000,0.000000,1.766000,0.000000,0.000000,0.000000,173,0,0,690,171,88412,1,173,15051,14706,2558673,7676878
194,2024-07-25,21:46:24,gtb_bcc32.exe,brnglr_slr1.gtb,0,gamma3,rhul/str/gamma3.gtb,rhul//b.174,348,BRNGLR,Accept,0.000000,0.000000,1.766000,0.000000,0.000000,0.000000,174,0,0,694,172,89445,1,174,15225,14878,2603478,7811298
195,2024-07-25,21:46:27,gtb_bcc32.exe,brnglr_slr1.gtb,0,gamma3,rhul/str/gamma3.gtb,rhul//b.175,350,BRNGLR,Accept,0.000000,0.000000,1.844000,0.000000,0.000000,0.000000,175,0,0,698,173,90484,1,175,15400,15051,2648803,7947278
196,2024-07-25,21:46:29,gtb_bcc32.exe,brnglr_slr1.gtb,0,gamma3,rhul/str/gamma3.gtb,rhul//b.176,352,BRNGLR,Accept,0.000000,0.000000,1.859000,0.000000,0.000000,0.000000,176,0,0,702,174,91529,1,176,15576,15225,2694651,8084827
197,2024-07-25,21:46:31,gtb_bcc32.exe,brnglr_slr1.gtb,0,gamma3,rhul/str/gamma3.gtb,rhul//b.177,354,BRNGLR,Accept,0.000000,0.000000,1.984000,0.000000,0.000000,0.000000,177,0,0,706,175,92580,1,177,15753,15400,2741025,8223954
198,2024-07-25,21:46:34,gtb_bcc32.exe,brnglr_slr1.gtb,0,gamma3,rhul/str/gamma3.gtb,rhul//b.178,356,BRNGLR,Accept,0.000000,0.000000,2.015000,0.000000,0.000000,0.000000,178,0,0,710,176,93637,1,178,15931,15576,2787928,8364668
199,2024-07-25,21:46:37,gtb_bcc32.exe,brnglr_slr1.gtb,0,gamma3,rhul/str/gamma3.gtb,rhul//b.179,358,BRNGLR,Accept,0.000000,0.000000,2.031000,0.000000,0.000000,0.000000,179,0,0,714,177,94700,1,179,16110,15753,2835363,8506978
200,2024-07-25,21:46:39,gtb_bcc32.exe,brnglr_slr1.gtb,0,gamma3,rhul/str/gamma3.gtb,rhul//b.180,360,BRNGLR,Accept,0.000000,0.000000,2.078000,0.000000,0.000000,0.000000,180,0,0,718,178,95769,1,180,16290,15931,2883333,8650893
201,2024-07-25,21:46:42,gtb_bcc32.exe,brnglr_slr1.gtb,0,gamma3,rhul/str/gamma3.gtb,rhul//b.181,362,BRNGLR,Accept,0.000000,0.000000,2.312000,0.000000,0.000000,0.000000,181,0,0,722,179,96844,1,181,16471,16110,2931841,8796422
202,2024-07-25,21:46:45,gtb_bcc32.exe,brnglr_slr1.gtb,0,gamma3,rhul/str/gamma3.gtb,rhul//b.182,364,BRNGLR,Accept,0.000000,0.000000,2.203000,0.000000,0.000000,0.000000,182,0,0,726,180,97925,1,182,16653,16290,2980890,8943574
203,2024-07-25,21:46:48,gtb_bcc32.exe,brnglr_slr1.gtb,0,gamma3,rhul/str/gamma3.gtb,rhul//b.183,366,BRNGLR,Accept,0.000000,0.000000,2.406000,0.000000,0.000000,0.000000,183,0,0,730,181,99012,1,183,16836,16471,3030483,9092358
204,2024-07-25,21:46:51,gtb_bcc32.exe,brnglr_slr1.gtb,0,gamma3,rhul/str/gamma3.gtb,rhul//b.184,368,BRNGLR,Accept,0.000000,0.000000,2.438000,0.000000,0.000000,0.000000,184,0,0,734,182,100105,1,184,17020,16653,3080623,9242783
205,2024-07-25,21:46:54,gtb_bcc32.exe,brnglr_slr1.gtb,0,gamma3,rhul/str/gamma3.gtb,rhul//b.185,370,BRNGLR,Accept,0.000000,0.000000,2.781000,0.000000,0.000000,0.000000,185,0,0,738,183,101204,1,185,17205,16836,3131313,9394858
206,2024-07-25,21:46:58,gtb_bcc32.exe,brnglr_slr1.gtb,0,gamma3,rhul/str/gamma3.gtb,rhul//b.186,372,BRNGLR,Accept,0.000000,0.000000,2.500000,0.000000,0.000000,0.000000,186,0,0,742,184,102309,1,186,17391,17020,3182556,9548592
207,2024-07-25,21:47:01,gtb_bcc32.exe,brnglr_slr1.gtb,0,gamma3,rhul/str/gamma3.gtb,rhul//b.187,374,BRNGLR,Accept,0.000000,0.000000,2.641000,0.000000,0.000000,0.000000,187,0,0,746,185,103420,1,187,17578,17205,3234355,9703994
208,2024-07-25,21:47:04,gtb_bcc32.exe,brnglr_slr1.gtb,0,gamma3,rhul/str/gamma3.gtb,rhul//b.188,376,BRNGLR,Accept,0.000000,0.000000,2.672000,0.000000,0.000000,0.000000,188,0,0,750,186,104537,1,188,17766,17391,3286713,9861073
209,2024-07-25,21:47:08,gtb_bcc32.exe,brnglr_slr1.gtb,0,gamma3,rhul/str/gamma3.gtb,rhul//b.189,378,BRNGLR,Accept,0.000000,0.000000,2.610000,0.000000,0.000000,0.000000,189,0,0,754,187,105660,1,189,17955,17578,3339633,10019838
210,2024-07-25,21:47:11,gtb_bcc32.exe,brnglr_slr1.gtb,0,gamma3,rhul/str/gamma3.gtb,rhul//b.190,380,BRNGLR,Accept,0.000000,0.000000,2.969000,0.000000,0.000000,0.000000,190,0,0,758,188,106789,1,190,18145,17766,3393118,10180298
211,2024-07-25,21:47:15,gtb_bcc32.exe,brnglr_slr1.gtb,0,gamma3,rhul/str/gamma3.gtb,rhul//b.191,382,BRNGLR,Accept,0.000000,0.000000,3.015000,0.000000,0.000000,0.000000,191,0,0,762,189,107924,1,191,18336,17955,3447171,10342462
212,2024-07-25,21:47:19,gtb_bcc32.exe,brnglr_slr1.gtb,0,gamma3,rhul/str/gamma3.gtb,rhul//b.192,384,BRNGLR,Accept,0.000000,0.000000,2.984000,0.000000,0.000000,0.000000,192,0,0,766,190,109065,1,192,18528,18145,3501795,10506339
213,2024-07-25,21:47:22,gtb_bcc32.exe,brnglr_slr1.gtb,0,gamma3,rhul/str/gamma3.gtb,rhul//b.193,386,BRNGLR,Accept,0.000000,0.000000,2.844000,0.000000,0.000000,0.000000,193,0,0,770,191,110212,1,193,18721,18336,3556993,10671938
214,2024-07-25,21:47:26,gtb_bcc32.exe,brnglr_slr1.gtb,0,gamma3,rhul/str/gamma3.gtb,rhul//b.194,388,BRNGLR,Accept,0.000000,0.000000,2.953000,0.000000,0.000000,0.000000,194,0,0,774,192,111365,1,194,18915,18528,3612768,10839268
215,2024-07-25,21:47:30,gtb_bcc32.exe,brnglr_slr1.gtb,0,gamma3,rhul/str/gamma3.gtb,rhul//b.195,390,BRNGLR,Accept,0.000000,0.000000,2.922000,0.000000,0.000000,0.000000,195,0,0,778,193,112524,1,195,19110,18721,3669123,11008338
216,2024-07-25,21:47:33,gtb_bcc32.exe,brnglr_slr1.gtb,0,gamma3,rhul/str/gamma3.gtb,rhul//b.196,392,BRNGLR,Accept,0.000000,0.000000,2.985000,0.000000,0.000000,0.000000,196,0,0,782,194,113689,1,196,19306,18915,3726061,11179157
217,2024-07-25,21:47:37,gtb_bcc32.exe,brnglr_slr1.gtb,0,gamma3,rhul/str/gamma3.gtb,rhul//b.197,394,BRNGLR,Accept,0.000000,0.000000,3.047000,0.000000,0.000000,0.000000,197,0,0,786,195,114860,1,197,19503,19110,3783585,11351734
218,2024-07-25,21:47:41,gtb_bcc32.exe,brnglr_slr1.gtb,0,gamma3,rhul/str/gamma3.gtb,rhul//b.198,396,BRNGLR,Accept,0.000000,0.000000,3.094000,0.000000,0.000000,0.000000,198,0,0,790,196,116037,1,198,19701,19306,3841698,11526078
219,2024-07-25,21:47:45,gtb_bcc32.exe,brnglr_slr1.gtb,0,gamma3,rhul/str/gamma3.gtb,rhul//b.199,398,BRNGLR,Accept,0.000000,0.000000,3.188000,0.000000,0.000000,0.000000,199,0,0,794,197,117220,1,199,19900,19503,3900403,11702198
220,2024-07-25,21:47:49,gtb_bcc32.exe,brnglr_slr1.gtb,0,gamma3,rhul/str/gamma3.gtb,rhul//b.200,400,BRNGLR,Accept,0.000000,0.000000,3.235000,0.000000,0.000000,0.000000,200,0,0,798,198,118409,1,200,20100,19701,3959703,11880103
221,2024-07-25,21:47:53,gtb_bcc32.exe,brnglr_slr1.gtb,0,gamma3,rhul/str/gamma3.gtb,rhul//b.201,402,BRNGLR,Accept,0.000000,0.000000,3.313000,0.000000,0.000000,0.000000,201,0,0,802,199,119604,1,201,20301,19900,4019601,12059802
222,2024-07-25,21:47:57,gtb_bcc32.exe,brnglr_slr1.gtb,0,gamma3,rhul/str/gamma3.gtb,rhul//b.202,404,BRNGLR,Accept,0.000000,0.000000,3.375000,0.000000,0.000000,0.000000,202,0,0,806,200,120805,1,202,20503,20100,4080100,12241304
223,2024-07-25,21:48:01,gtb_bcc32.exe,brnglr_slr1.gtb,0,gamma3,rhul/str/gamma3.gtb,rhul//b.203,406,BRNGLR,Accept,0.000000,0.000000,3.375000,0.000000,0.000000,0.000000,203,0,0,810,201,122012,1,203,20706,20301,4141203,12424618
224,2024-07-25,21:48:06,gtb_bcc32.exe,brnglr_slr1.gtb,0,gamma3,rhul/str/gamma3.gtb,rhul//b.204,408,BRNGLR,Accept,0.000000,0.000000,3.406000,0.000000,0.000000,0.000000,204,0,0,814,202,123225,1,204,20910,20503,4202913,12609753
225,2024-07-25,21:48:10,gtb_bcc32.exe,brnglr_slr1.gtb,0,gamma3,rhul/str/gamma3.gtb,rhul//b.205,410,BRNGLR,Accept,0.000000,0.000000,3.625000,0.000000,0.000000,0.000000,205,0,0,818,203,124444,1,205,21115,20706,4265233,12796718
226,2024-07-25,21:48:14,gtb_bcc32.exe,brnglr_slr1.gtb,0,gamma3,rhul/str/gamma3.gtb,rhul//b.206,412,BRNGLR,Accept,0.000000,0.000000,3.688000,0.000000,0.000000,0.000000,206,0,0,822,204,125669,1,206,21321,20910,4328166,12985522
227,2024-07-25,21:48:19,gtb_bcc32.exe,brnglr_slr1.gtb,0,gamma3,rhul/str/gamma3.gtb,rhul//b.207,414,BRNGLR,Accept,0.000000,0.000000,3.719000,0.000000,0.000000,0.000000,207,0,0,826,205,126900,1,207,21528,21115,4391715,13176174
228,2024-07-25,21:48:23,gtb_bcc32.exe,brnglr_slr1.gtb,0,gamma3,rhul/str/gamma3.gtb,rhul//b.208,416,BRNGLR,Accept,0.000000,0.000000,3.797000,0.000000,0.000000,0.000000,208,0,0,830,206,128137,1,208,21736,21321,4455883,13368683
229,2024-07-25,21:48:28,gtb_bcc32.exe,brnglr_slr1.gtb,0,gamma3,rhul/str/gamma3.gtb,rhul//b.209,418,BRNGLR,Accept,0.000000,0.000000,3.921000,0.000000,0.000000,0.000000,209,0,0,834,207,129380,1,209,21945,21528,4520673,13563058
230,2024-07-25,21:48:33,gtb_bcc32.exe,brnglr_slr1.gtb,0,gamma3,rhul/str/gamma3.gtb,rhul//b.210,420,BRNGLR,Accept,0.000000,0.000000,3.891000,0.000000,0.000000,0.000000,210,0,0,838,208,130629,1,210,22155,21736,4586088,13759308
231,2024-07-25,21:48:38,gtb_bcc32.exe,brnglr_slr1.gtb,0,gamma3,rhul/str/gamma3.gtb,rhul//b.211,422,BRNGLR,Accept,0.000000,0.000000,3.922000,0.000000,0.000000,0.000000,211,0,0,842,209,131884,1,211,22366,21945,4652131,13957442
232,2024-07-25,21:48:43,gtb_bcc32.exe,brnglr_slr1.gtb,0,gamma3,rhul/str/gamma3.gtb,rhul//b.212,424,BRNGLR,Accept,0.000000,0.000000,3.984000,0.000000,0.000000,0.000000,212,0,0,846,210,133145,1,212,22578,22155,4718805,14157469
233,2024-07-25,21:48:48,gtb_bcc32.exe,brnglr_slr1.gtb,0,gamma3,rhul/str/gamma3.gtb,rhul//b.213,426,BRNGLR,Accept,0.000000,0.000000,4.109000,0.000000,0.000000,0.000000,213,0,0,850,211,134412,1,213,22791,22366,4786113,14359398
234,2024-07-25,21:48:53,gtb_bcc32.exe,brnglr_slr1.gtb,0,gamma3,rhul/str/gamma3.gtb,rhul//b.214,428,BRNGLR,Accept,0.000000,0.000000,4.453000,0.000000,0.000000,0.000000,214,0,0,854,212,135685,1,214,23005,22578,4854058,14563238
235,2024-07-25,21:48:58,gtb_bcc32.exe,brnglr_slr1.gtb,0,gamma3,rhul/str/gamma3.gtb,rhul//b.215,430,BRNGLR,Accept,0.000000,0.000000,4.329000,0.000000,0.000000,0.000000,215,0,0,858,213,136964,1,215,23220,22791,4922643,14768998
236,2024-07-25,21:49:03,gtb_bcc32.exe,brnglr_slr1.gtb,0,gamma3,rhul/str/gamma3.gtb,rhul//b.216,432,BRNGLR,Accept,0.000000,0.000000,4.391000,0.000000,0.000000,0.000000,216,0,0,862,214,138249,1,216,23436,23005,4991871,14976687
237,2024-07-25,21:49:09,gtb_bcc32.exe,brnglr_slr1.gtb,0,gamma3,rhul/str/gamma3.gtb,rhul//b.217,434,BRNGLR,Accept,0.000000,0.000000,4.282000,0.000000,0.000000,0.000000,217,0,0,866,215,139540,1,217,23653,23220,5061745,15186314
238,2024-07-25,21:49:14,gtb_bcc32.exe,brnglr_slr1.gtb,0,gamma3,rhul/str/gamma3.gtb,rhul//b.218,436,BRNGLR,Accept,0.000000,0.000000,4.515000,0.000000,0.000000,0.000000,218,0,0,870,216,140837,1,218,23871,23436,5132268,15397888
239,2024-07-25,21:49:20,gtb_bcc32.exe,brnglr_slr1.gtb,0,gamma3,rhul/str/gamma3.gtb,rhul//b.219,438,BRNGLR,Accept,0.000000,0.000000,4.563000,0.000000,0.000000,0.000000,219,0,0,874,217,142140,1,219,24090,23653,5203443,15611418
240,2024-07-25,21:49:25,gtb_bcc32.exe,brnglr_slr1.gtb,0,gamma3,rhul/str/gamma3.gtb,rhul//b.220,440,BRNGLR,Accept,0.000000,0.000000,4.687000,0.000000,0.000000,0.000000,220,0,0,878,218,143449,1,220,24310,23871,5275273,15826913
241,2024-07-25,21:49:31,gtb_bcc32.exe,brnglr_slr1.gtb,0,gamma3,rhul/str/gamma3.gtb,rhul//b.221,442,BRNGLR,Accept,0.000000,0.000000,4.750000,0.000000,0.000000,0.000000,221,0,0,882,219,144764,1,221,24531,24090,5347761,16044382
242,2024-07-25,21:49:37,gtb_bcc32.exe,brnglr_slr1.gtb,0,gamma3,rhul/str/gamma3.gtb,rhul//b.222,444,BRNGLR,Accept,0.000000,0.000000,4.781000,0.000000,0.000000,0.000000,222,0,0,886,220,146085,1,222,24753,24310,5420910,16263834
243,2024-07-25,21:49:43,gtb_bcc32.exe,brnglr_slr1.gtb,0,gamma3,rhul/str/gamma3.gtb,rhul//b.223,446,BRNGLR,Accept,0.000000,0.000000,5.032000,0.000000,0.000000,0.000000,223,0,0,890,221,147412,1,223,24976,24531,5494723,16485278
244,2024-07-25,21:49:49,gtb_bcc32.exe,brnglr_slr1.gtb,0,gamma3,rhul/str/gamma3.gtb,rhul//b.224,448,BRNGLR,Accept,0.000000,0.000000,5.078000,0.000000,0.000000,0.000000,224,0,0,894,222,148745,1,224,25200,24753,5569203,16708723
245,2024-07-25,21:49:55,gtb_bcc32.exe,brnglr_slr1.gtb,0,gamma3,rhul/str/gamma3.gtb,rhul//b.225,450,BRNGLR,Accept,0.000000,0.000000,5.390000,0.000000,0.000000,0.000000,225,0,0,898,223,150084,1,225,25425,24976,5644353,16934178
246,2024-07-25,21:50:01,gtb_bcc32.exe,brnglr_slr1.gtb,0,gamma3,rhul/str/gamma3.gtb,rhul//b.226,452,BRNGLR,Accept,0.000000,0.000000,5.234000,0.000000,0.000000,0.000000,226,0,0,902,224,151429,1,226,25651,25200,5720176,17161652
247,2024-07-25,21:50:08,gtb_bcc32.exe,brnglr_slr1.gtb,0,gamma3,rhul/str/gamma3.gtb,rhul//b.227,454,BRNGLR,Accept,0.000000,0.000000,5.516000,0.000000,0.000000,0.000000,227,0,0,906,225,152780,1,227,25878,25425,5796675,17391154
248,2024-07-25,21:50:15,gtb_bcc32.exe,brnglr_slr1.gtb,0,gamma3,rhul/str/gamma3.gtb,rhul//b.228,456,BRNGLR,Accept,0.000000,0.000000,5.515000,0.000000,0.000000,0.000000,228,0,0,910,226,154137,1,228,26106,25651,5873853,17622693
249,2024-07-25,21:50:21,gtb_bcc32.exe,brnglr_slr1.gtb,0,gamma3,rhul/str/gamma3.gtb,rhul//b.229,458,BRNGLR,Accept,0.000000,0.000000,5.578000,0.000000,0.000000,0.000000,229,0,0,914,227,155500,1,229,26335,25878,5951713,17856278
250,2024-07-25,21:50:28,gtb_bcc32.exe,brnglr_slr1.gtb,0,gamma3,rhul/str/gamma3.gtb,rhul//b.230,460,BRNGLR,Accept,0.000000,0.000000,5.703000,0.000000,0.000000,0.000000,230,0,0,918,228,156869,1,230,26565,26106,6030258,18091918
251,2024-07-25,21:50:35,gtb_bcc32.exe,brnglr_slr1.gtb,0,gamma3,rhul/str/gamma3.gtb,rhul//b.231,462,BRNGLR,Accept,0.000000,0.000000,5.781000,0.000000,0.000000,0.000000,231,0,0,922,229,158244,1,231,26796,26335,6109491,18329622
252,2024-07-25,21:50:42,gtb_bcc32.exe,brnglr_slr1.gtb,0,gamma3,rhul/str/gamma3.gtb,rhul//b.232,464,BRNGLR,Accept,0.000000,0.000000,5.875000,0.000000,0.000000,0.000000,232,0,0,926,230,159625,1,232,27028,26565,6189415,18569399
253,2024-07-25,21:50:49,gtb_bcc32.exe,brnglr_slr1.gtb,0,gamma3,rhul/str/gamma3.gtb,rhul//b.233,466,BRNGLR,Accept,0.000000,0.000000,6.078000,0.000000,0.000000,0.000000,233,0,0,930,231,161012,1,233,27261,26796,6270033,18811258
254,2024-07-25,21:50:56,gtb_bcc32.exe,brnglr_slr1.gtb,0,gamma3,rhul/str/gamma3.gtb,rhul//b.234,468,BRNGLR,Accept,0.000000,0.000000,6.172000,0.000000,0.000000,0.000000,234,0,0,934,232,162405,1,234,27495,27028,6351348,19055208
255,2024-07-25,21:51:04,gtb_bcc32.exe,brnglr_slr1.gtb,0,gamma3,rhul/str/gamma3.gtb,rhul//b.235,470,BRNGLR,Accept,0.000000,0.000000,6.094000,0.000000,0.000000,0.000000,235,0,0,938,233,163804,1,235,27730,27261,6433363,19301258
256,2024-07-25,21:51:11,gtb_bcc32.exe,brnglr_slr1.gtb,0,gamma3,rhul/str/gamma3.gtb,rhul//b.236,472,BRNGLR,Accept,0.000000,0.000000,6.406000,0.000000,0.000000,0.000000,236,0,0,942,234,165209,1,236,27966,27495,6516081,19549417
257,2024-07-25,21:51:19,gtb_bcc32.exe,brnglr_slr1.gtb,0,gamma3,rhul/str/gamma3.gtb,rhul//b.237,474,BRNGLR,Accept,0.000000,0.000000,6.359000,0.000000,0.000000,0.000000,237,0,0,946,235,166620,1,237,28203,27730,6599505,19799694
258,2024-07-25,21:51:27,gtb_bcc32.exe,brnglr_slr1.gtb,0,gamma3,rhul/str/gamma3.gtb,rhul//b.238,476,BRNGLR,Accept,0.000000,0.000000,6.484000,0.000000,0.000000,0.000000,238,0,0,950,236,168037,1,238,28441,27966,6683638,20052098
259,2024-07-25,21:51:34,gtb_bcc32.exe,brnglr_slr1.gtb,0,gamma3,rhul/str/gamma3.gtb,rhul//b.239,478,BRNGLR,Accept,0.000000,0.000000,6.703000,0.000000,0.000000,0.000000,239,0,0,954,237,169460,1,239,28680,28203,6768483,20306638
260,2024-07-25,21:51:42,gtb_bcc32.exe,brnglr_slr1.gtb,0,gamma3,rhul/str/gamma3.gtb,rhul//b.240,480,BRNGLR,Accept,0.000000,0.000000,6.891000,0.000000,0.000000,0.000000,240,0,0,958,238,170889,1,240,28920,28441,6854043,20563323
261,2024-07-25,21:51:51,gtb_bcc32.exe,brnglr_slr1.gtb,0,gamma3,rhul/str/gamma3.gtb,rhul//b.241,482,BRNGLR,Accept,0.000000,0.000000,6.860000,0.000000,0.000000,0.000000,241,0,0,962,239,172324,1,241,29161,28680,6940321,20822162
262,2024-07-25,21:51:59,gtb_bcc32.exe,brnglr_slr1.gtb,0,gamma3,rhul/str/gamma3.gtb,rhul//b.242,484,BRNGLR,Accept,0.000000,0.000000,7.125000,0.000000,0.000000,0.000000,242,0,0,966,240,173765,1,242,29403,28920,7027320,21083164
263,2024-07-25,21:52:08,gtb_bcc32.exe,brnglr_slr1.gtb,0,gamma3,rhul/str/gamma3.gtb,rhul//b.243,486,BRNGLR,Accept,0.000000,0.000000,7.078000,0.000000,0.000000,0.000000,243,0,0,970,241,175212,1,243,29646,29161,7115043,21346338
264,2024-07-25,21:52:16,gtb_bcc32.exe,brnglr_slr1.gtb,0,gamma3,rhul/str/gamma3.gtb,rhul//b.244,488,BRNGLR,Accept,0.000000,0.000000,7.281000,0.000000,0.000000,0.000000,244,0,0,974,242,176665,1,244,29890,29403,7203493,21611693
265,2024-07-25,21:52:25,gtb_bcc32.exe,brnglr_slr1.gtb,0,gamma3,rhul/str/gamma3.gtb,rhul//b.245,490,BRNGLR,Accept,0.000000,0.000000,7.266000,0.000000,0.000000,0.000000,245,0,0,978,243,178124,1,245,30135,29646,7292673,21879238
266,2024-07-25,21:52:34,gtb_bcc32.exe,brnglr_slr1.gtb,0,gamma3,rhul/str/gamma3.gtb,rhul//b.246,492,BRNGLR,Accept,0.000000,0.000000,7.500000,0.000000,0.000000,0.000000,246,0,0,982,244,179589,1,246,30381,29890,7382586,22148982
267,2024-07-25,21:52:43,gtb_bcc32.exe,brnglr_slr1.gtb,0,gamma3,rhul/str/gamma3.gtb,rhul//b.247,494,BRNGLR,Accept,0.000000,0.000000,8.156000,0.000000,0.000000,0.000000,247,0,0,986,245,181060,1,247,30628,30135,7473235,22420934
268,2024-07-25,21:52:52,gtb_bcc32.exe,brnglr_slr1.gtb,0,gamma3,rhul/str/gamma3.gtb,rhul//b.248,496,BRNGLR,Accept,0.000000,0.000000,7.562000,0.000000,0.000000,0.000000,248,0,0,990,246,182537,1,248,30876,30381,7564623,22695103
269,2024-07-25,21:53:01,gtb_bcc32.exe,brnglr_slr1.gtb,0,gamma3,rhul/str/gamma3.gtb,rhul//b.249,498,BRNGLR,Accept,0.000000,0.000000,7.687000,0.000000,0.000000,0.000000,249,0,0,994,247,184020,1,249,31125,30628,7656753,22971498
270,2024-07-25,21:53:10,gtb_bcc32.exe,brnglr_slr1.gtb,0,gamma3,rhul/str/gamma3.gtb,rhul//b.250,500,BRNGLR,Accept,0.000000,0.000000,7.828000,0.000000,0.000000,0.000000,250,0,0,998,248,185509,1,250,31375,30876,7749628,23250128
271,2024-07-25,21:53:20,gtb_bcc32.exe,brnglr_slr1.gtb,0,gamma3,rhul/str/gamma3.gtb,rhul//b.251,502,BRNGLR,Accept,0.000000,0.000000,7.891000,0.000000,0.000000,0.000000,251,0,0,1002,249,187004,1,251,31626,31125,7843251,23531002
272,2024-07-25,21:53:29,gtb_bcc32.exe,brnglr_slr1.gtb,0,gamma3,rhul/str/gamma3.gtb,rhul//b.252,504,BRNGLR,Accept,0.000000,0.000000,8.093000,0.000000,0.000000,0.000000,252,0,0,1006,250,188505,1,252,31878,31375,7937625,23814129
273,2024-07-25,21:53:39,gtb_bcc32.exe,brnglr_slr1.gtb,0,gamma3,rhul/str/gamma3.gtb,rhul//b.253,506,BRNGLR,Accept,0.000000,0.000000,8.125000,0.000000,0.000000,0.000000,253,0,0,1010,251,190012,1,253,32131,31626,8032753,24099518
274,2024-07-25,21:53:48,gtb_bcc32.exe,brnglr_slr1.gtb,0,gamma3,rhul/str/gamma3.gtb,rhul//b.254,508,BRNGLR,Accept,0.000000,0.000000,8.281000,0.000000,0.000000,0.000000,254,0,0,1014,252,191525,1,254,32385,31878,8128638,24387178
275,2024-07-25,21:53:58,gtb_bcc32.exe,brnglr_slr1.gtb,0,gamma3,rhul/str/gamma3.gtb,rhul//b.255,510,BRNGLR,Accept,0.000000,0.000000,8.563000,0.000000,0.000000,0.000000,255,0,0,1018,253,193044,1,255,32640,32131,8225283,24677118
276,2024-07-25,21:54:08,gtb_bcc32.exe,brnglr_slr1.gtb,0,gamma3,rhul/str/gamma3.gtb,rhul//b.256,512,BRNGLR,Accept,0.000000,0.000000,8.672000,0.000000,0.000000,0.000000,256,0,0,1022,254,194569,1,256,32896,32385,8322691,24969347
277,2024-07-25,21:54:19,gtb_bcc32.exe,brnglr_slr1.gtb,0,gamma3,rhul/str/gamma3.gtb,rhul//b.257,514,BRNGLR,Accept,0.000000,0.000000,8.719000,0.000000,0.000000,0.000000,257,0,0,1026,255,196100,1,257,33153,32640,8420865,25263874
278,2024-07-25,21:54:29,gtb_bcc32.exe,brnglr_slr1.gtb,0,gamma3,rhul/str/gamma3.gtb,rhul//b.258,516,BRNGLR,Accept,0.000000,0.000000,8.891000,0.000000,0.000000,0.000000,258,0,0,1030,256,197637,1,258,33411,32896,8519808,25560708
279,2024-07-25,21:54:39,gtb_bcc32.exe,brnglr_slr1.gtb,0,gamma3,rhul/str/gamma3.gtb,rhul//b.259,518,BRNGLR,Accept,0.000000,0.000000,8.969000,0.000000,0.000000,0.000000,259,0,0,1034,257,199180,1,259,33670,33153,8619523,25859858
280,2024-07-25,21:54:50,gtb_bcc32.exe,brnglr_slr1.gtb,0,gamma3,rhul/str/gamma3.gtb,rhul//b.260,520,BRNGLR,Accept,0.000000,0.000000,9.094000,0.000000,0.000000,0.000000,260,0,0,1038,258,200729,1,260,33930,33411,8720013,26161333
281,2024-07-25,21:55:01,gtb_bcc32.exe,brnglr_slr1.gtb,0,gamma3,rhul/str/gamma3.gtb,rhul//b.261,522,BRNGLR,Accept,0.000000,0.000000,9.391000,0.000000,0.000000,0.000000,261,0,0,1042,259,202284,1,261,34191,33670,8821281,26465142
282,2024-07-25,21:55:12,gtb_bcc32.exe,brnglr_slr1.gtb,0,gamma3,rhul/str/gamma3.gtb,rhul//b.262,524,BRNGLR,Accept,0.000000,0.000000,9.359000,0.000000,0.000000,0.000000,262,0,0,1046,260,203845,1,262,34453,33930,8923330,26771294
283,2024-07-25,21:55:23,gtb_bcc32.exe,brnglr_slr1.gtb,0,gamma3,rhul/str/gamma3.gtb,rhul//b.263,526,BRNGLR,Accept,0.000000,0.000000,9.672000,0.000000,0.000000,0.000000,263,0,0,1050,261,205412,1,263,34716,34191,9026163,27079798
284,2024-07-25,21:55:34,gtb_bcc32.exe,brnglr_slr1.gtb,0,gamma3,rhul/str/gamma3.gtb,rhul//b.264,528,BRNGLR,Accept,0.000000,0.000000,10.313000,0.000000,0.000000,0.000000,264,0,0,1054,262,206985,1,264,34980,34453,9129783,27390663
285,2024-07-25,21:55:46,gtb_bcc32.exe,brnglr_slr1.gtb,0,gamma3,rhul/str/gamma3.gtb,rhul//b.265,530,BRNGLR,Accept,0.000000,0.000000,11.610000,0.000000,0.000000,0.000000,265,0,0,1058,263,208564,1,265,35245,34716,9234193,27703898
286,2024-07-25,21:56:00,gtb_bcc32.exe,brnglr_slr1.gtb,0,gamma3,rhul/str/gamma3.gtb,rhul//b.266,532,BRNGLR,Accept,0.000000,0.000000,10.750000,0.000000,0.000000,0.000000,266,0,0,1062,264,210149,1,266,35511,34980,9339396,28019512
287,2024-07-25,21:56:13,gtb_bcc32.exe,brnglr_slr1.gtb,0,gamma3,rhul/str/gamma3.gtb,rhul//b.267,534,BRNGLR,Accept,0.000000,0.000000,10.656000,0.000000,0.000000,0.000000,267,0,0,1066,265,211740,1,267,35778,35245,9445395,28337514
288,2024-07-25,21:56:25,gtb_bcc32.exe,brnglr_slr1.gtb,0,gamma3,rhul/str/gamma3.gtb,rhul//b.268,536,BRNGLR,Accept,0.000000,0.000000,11.141000,0.000000,0.000000,0.000000,268,0,0,1070,266,213337,1,268,36046,35511,9552193,28657913
289,2024-07-25,21:56:38,gtb_bcc32.exe,brnglr_slr1.gtb,0,gamma3,rhul/str/gamma3.gtb,rhul//b.269,538,BRNGLR,Accept,0.000000,0.000000,11.656000,0.000000,0.000000,0.000000,269,0,0,1074,267,214940,1,269,36315,35778,9659793,28980718
290,2024-07-25,21:56:52,gtb_bcc32.exe,brnglr_slr1.gtb,0,gamma3,rhul/str/gamma3.gtb,rhul//b.270,540,BRNGLR,Accept,0.000000,0.000000,11.547000,0.000000,0.000000,0.000000,270,0,0,1078,268,216549,1,270,36585,36046,9768198,29305938
291,2024-07-25,21:57:05,gtb_bcc32.exe,brnglr_slr1.gtb,0,gamma3,rhul/str/gamma3.gtb,rhul//b.271,542,BRNGLR,Accept,0.000000,0.000000,11.109000,0.000000,0.000000,0.000000,271,0,0,1082,269,218164,1,271,36856,36315,9877411,29633582
292,2024-07-25,21:57:18,gtb_bcc32.exe,brnglr_slr1.gtb,0,gamma3,rhul/str/gamma3.gtb,rhul//b.272,544,BRNGLR,Accept,0.000000,0.000000,11.140000,0.000000,0.000000,0.000000,272,0,0,1086,270,219785,1,272,37128,36585,9987435,29963659
293,2024-07-25,21:57:31,gtb_bcc32.exe,brnglr_slr1.gtb,0,gamma3,rhul/str/gamma3.gtb,rhul//b.273,546,BRNGLR,Accept,0.000000,0.000000,11.313000,0.000000,0.000000,0.000000,273,0,0,1090,271,221412,1,273,37401,36856,10098273,30296178
294,2024-07-25,21:57:45,gtb_bcc32.exe,brnglr_slr1.gtb,0,gamma3,rhul/str/gamma3.gtb,rhul//b.274,548,BRNGLR,Accept,0.000000,0.000000,11.453000,0.000000,0.000000,0.000000,274,0,0,1094,272,223045,1,274,37675,37128,10209928,30631148
295,2024-07-25,21:57:58,gtb_bcc32.exe,brnglr_slr1.gtb,0,gamma3,rhul/str/gamma3.gtb,rhul//b.275,550,BRNGLR,Accept,0.000000,0.000000,11.469000,0.000000,0.000000,0.000000,275,0,0,1098,273,224684,1,275,37950,37401,10322403,30968578
296,2024-07-25,21:58:12,gtb_bcc32.exe,brnglr_slr1.gtb,0,gamma3,rhul/str/gamma3.gtb,rhul//b.276,552,BRNGLR,Accept,0.000000,0.000000,11.594000,0.000000,0.000000,0.000000,276,0,0,1102,274,226329,1,276,38226,37675,10435701,31308477
297,2024-07-25,21:58:25,gtb_bcc32.exe,brnglr_slr1.gtb,0,gamma3,rhul/str/gamma3.gtb,rhul//b.277,554,BRNGLR,Accept,0.000000,0.000000,12.250000,0.000000,0.000000,0.000000,277,0,0,1106,275,227980,1,277,38503,37950,10549825,31650854
298,2024-07-25,21:58:39,gtb_bcc32.exe,brnglr_slr1.gtb,0,gamma3,rhul/str/gamma3.gtb,rhul//b.278,556,BRNGLR,Accept,0.000000,0.000000,12.297000,0.000000,0.000000,0.000000,278,0,0,1110,276,229637,1,278,38781,38226,10664778,31995718
299,2024-07-25,21:58:54,gtb_bcc32.exe,brnglr_slr1.gtb,0,gamma3,rhul/str/gamma3.gtb,rhul//b.279,558,BRNGLR,Accept,0.000000,0.000000,12.484000,0.000000,0.000000,0.000000,279,0,0,1114,277,231300,1,279,39060,38503,10780563,32343078
300,2024-07-25,21:59:08,gtb_bcc32.exe,brnglr_slr1.gtb,0,gamma3,rhul/str/gamma3.gtb,rhul//b.280,560,BRNGLR,Accept,0.000000,0.000000,12.515000,0.000000,0.000000,0.000000,280,0,0,1118,278,232969,1,280,39340,38781,10897183,32692943
301,2024-07-25,21:59:23,gtb_bcc32.exe,brnglr_slr1.gtb,0,gamma3,rhul/str/gamma3.gtb,rhul//b.281,562,BRNGLR,Accept,0.000000,0.000000,12.735000,0.000000,0.000000,0.000000,281,0,0,1122,279,234644,1,281,39621,39060,11014641,33045322
302,2024-07-25,21:59:38,gtb_bcc32.exe,brnglr_slr1.gtb,0,gamma3,rhul/str/gamma3.gtb,rhul//b.282,564,BRNGLR,Accept,0.000000,0.000000,13.187000,0.000000,0.000000,0.000000,282,0,0,1126,280,236325,1,282,39903,39340,11132940,33400224
303,2024-07-25,21:59:54,gtb_bcc32.exe,brnglr_slr1.gtb,0,gamma3,rhul/str/gamma3.gtb,rhul//b.283,566,BRNGLR,Accept,0.000000,0.000000,13.547000,0.000000,0.000000,0.000000,283,0,0,1130,281,238012,1,283,40186,39621,11252083,33757658
304,2024-07-25,22:00:09,gtb_bcc32.exe,brnglr_slr1.gtb,0,gamma3,rhul/str/gamma3.gtb,rhul//b.284,568,BRNGLR,Accept,0.000000,0.000000,13.469000,0.000000,0.000000,0.000000,284,0,0,1134,282,239705,1,284,40470,39903,11372073,34117633
305,2024-07-25,22:00:25,gtb_bcc32.exe,brnglr_slr1.gtb,0,gamma3,rhul/str/gamma3.gtb,rhul//b.285,570,BRNGLR,Accept,0.000000,0.000000,14.172000,0.000000,0.000000,0.000000,285,0,0,1138,283,241404,1,285,40755,40186,11492913,34480158
306,2024-07-25,22:00:41,gtb_bcc32.exe,brnglr_slr1.gtb,0,gamma3,rhul/str/gamma3.gtb,rhul//b.286,572,BRNGLR,Accept,0.000000,0.000000,13.985000,0.000000,0.000000,0.000000,286,0,0,1142,284,243109,1,286,41041,40470,11614606,34845242
307,2024-07-25,22:00:58,gtb_bcc32.exe,brnglr_slr1.gtb,0,gamma3,rhul/str/gamma3.gtb,rhul//b.287,574,BRNGLR,Accept,0.000000,0.000000,14.953000,0.000000,0.000000,0.000000,287,0,0,1146,285,244820,1,287,41328,40755,11737155,35212894
308,2024-07-25,22:01:15,gtb_bcc32.exe,brnglr_slr1.gtb,0,gamma3,rhul/str/gamma3.gtb,rhul//b.288,576,BRNGLR,Accept,0.000000,0.000000,14.860000,0.000000,0.000000,0.000000,288,0,0,1150,286,246537,1,288,41616,41041,11860563,35583123
309,2024-07-25,22:01:32,gtb_bcc32.exe,brnglr_slr1.gtb,0,gamma3,rhul/str/gamma3.gtb,rhul//b.289,578,BRNGLR,Accept,0.000000,0.000000,15.250000,0.000000,0.000000,0.000000,289,0,0,1154,287,248260,1,289,41905,41328,11984833,35955938
310,2024-07-25,22:01:50,gtb_bcc32.exe,brnglr_slr1.gtb,0,gamma3,rhul/str/gamma3.gtb,rhul//b.290,580,BRNGLR,Accept,0.000000,0.000000,15.079000,0.000000,0.000000,0.000000,290,0,0,1158,288,249989,1,290,42195,41616,12109968,36331348
311,2024-07-25,22:02:07,gtb_bcc32.exe,brnglr_slr1.gtb,0,gamma3,rhul/str/gamma3.gtb,rhul//b.291,582,BRNGLR,Accept,0.000000,0.000000,15.219000,0.000000,0.000000,0.000000,291,0,0,1162,289,251724,1,291,42486,41905,12235971,36709362
312,2024-07-25,22:02:25,gtb_bcc32.exe,brnglr_slr1.gtb,0,gamma3,rhul/str/gamma3.gtb,rhul//b.292,584,BRNGLR,Accept,0.000000,0.000000,15.297000,0.000000,0.000000,0.000000,292,0,0,1166,290,253465,1,292,42778,42195,12362845,37089989
313,2024-07-25,22:02:43,gtb_bcc32.exe,brnglr_slr1.gtb,0,gamma3,rhul/str/gamma3.gtb,rhul//b.293,586,BRNGLR,Accept,0.000000,0.000000,15.421000,0.000000,0.000000,0.000000,293,0,0,1170,291,255212,1,293,43071,42486,12490593,37473238
314,2024-07-25,22:03:01,gtb_bcc32.exe,brnglr_slr1.gtb,0,gamma3,rhul/str/gamma3.gtb,rhul//b.294,588,BRNGLR,Accept,0.000000,0.000000,15.672000,0.000000,0.000000,0.000000,294,0,0,1174,292,256965,1,294,43365,42778,12619218,37859118
315,2024-07-25,22:03:19,gtb_bcc32.exe,brnglr_slr1.gtb,0,gamma3,rhul/str/gamma3.gtb,rhul//b.295,590,BRNGLR,Accept,0.000000,0.000000,15.828000,0.000000,0.000000,0.000000,295,0,0,1178,293,258724,1,295,43660,43071,12748723,38247638
316,2024-07-25,22:03:37,gtb_bcc32.exe,brnglr_slr1.gtb,0,gamma3,rhul/str/gamma3.gtb,rhul//b.296,592,BRNGLR,Accept,0.000000,0.000000,15.968000,0.000000,0.000000,0.000000,296,0,0,1182,294,260489,1,296,43956,43365,12879111,38638807
317,2024-07-25,22:03:56,gtb_bcc32.exe,brnglr_slr1.gtb,0,gamma3,rhul/str/gamma3.gtb,rhul//b.297,594,BRNGLR,Accept,0.000000,0.000000,16.547000,0.000000,0.000000,0.000000,297,0,0,1186,295,262260,1,297,44253,43660,13010385,39032634
318,2024-07-25,22:04:15,gtb_bcc32.exe,brnglr_slr1.gtb,0,gamma3,rhul/str/gamma3.gtb,rhul//b.298,596,BRNGLR,Accept,0.000000,0.000000,16.609000,0.000000,0.000000,0.000000,298,0,0,1190,296,264037,1,298,44551,43956,13142548,39429128
319,2024-07-25,22:04:34,gtb_bcc32.exe,brnglr_slr1.gtb,0,gamma3,rhul/str/gamma3.gtb,rhul//b.299,598,BRNGLR,Accept,0.000000,0.000000,16.640000,0.000000,0.000000,0.000000,299,0,0,1194,297,265820,1,299,44850,44253,13275603,39828298
320,2024-07-25,22:04:53,gtb_bcc32.exe,brnglr_slr1.gtb,0,gamma3,rhul/str/gamma3.gtb,rhul//b.300,600,BRNGLR,Accept,0.000000,0.000000,16.937000,0.000000,0.000000,0.000000,300,0,0,1198,298,267609,1,300,45150,44551,13409553,40230153
