tool,script,language,grammar,string,length,algorithm,result,Runs,TParseMin,TParseMax,TParseMean,TParseBestFiveMean,,Results...
gtb_mgw32_gcc_O3.exe,brnglr_slr1.gtb,Pascal,iso_pascal_7185/tok/pascal.gtb,rhul/tok/view_ite.tok,24515,BRNLGR (GTB with standard memory allocator),accept,30,13.29,14.136,13.577,13.383,***,13.29,13.297,13.425,13.435,13.47,13.497,13.505,13.505,13.512,13.526,13.526,13.539,13.55,13.554,13.555,13.566,13.581,13.582,13.607,13.61,13.621,13.622,13.63,13.64,13.651,13.667,13.727,13.739,13.742,14.136,
gtb_mgw32_gcc_O3_pool.exe,rnglr_slr1.gtb,Pascal,iso_pascal_7185/tok/pascal.gtb,rhul/tok/treeview.tok,24234,RNLGR (GTB with Pool),accept,30,9.595,10.717,10.236, 9.883,***,9.595,9.797,9.915,10.031,10.079,10.134,10.137,10.139,10.151,10.184,10.196,10.199,10.204,10.214,10.252,10.257,10.269,10.274,10.281,10.296,10.3,10.339,10.351,10.384,10.386,10.419,10.448,10.5,10.635,10.717,
gtb_mgw32_gcc_O3.exe,brnglr_slr1.gtb,Pascal,iso_pascal_7185/tok/pascal.gtb,rhul/tok/treeview.tok,24234,BRNLGR (GTB with standard memory allocator),accept,30,12.762,13.884,13.183,12.986,***,12.762,12.995,13.043,13.061,13.07,13.074,13.078,13.081,13.102,13.107,13.111,13.13,13.137,13.137,13.142,13.171,13.177,13.182,13.209,13.211,13.215,13.236,13.242,13.252,13.301,13.316,13.34,13.362,13.37,13.884,
gtb_mgw32_gcc_O3_pool.exe,rnglr_lr1.gtb,C,ansi_c/tok/ansi_c.gtb,rhul/tok/gtb_src.tok,110671,RNLGR (GTB with Pool),accept,30,130.142,142.22,138.748,135.295,***,130.142,135.681,136.694,136.938,137.02,137.251,137.582,137.729,137.858,137.931,137.982,138.074,138.427,138.74,138.917,138.989,139.118,139.3,139.341,139.398,140.015,140.094,140.13,140.965,140.978,141.077,141.222,141.289,141.35,142.22,
script,earleyTableIndexedPool_g++.bat,C,ansi_c/tok/ansi_c.art,rhul/tok/rdp_full.tok,79797,ARTEarleyTableIndexedPool (C),accept,30,45.191,49.146,46.545,45.602,***,45.191,45.643,45.71,45.714,45.752,45.79,45.802,45.847,45.899,45.991,46.122,46.136,46.172,46.245,46.427,46.488,46.503,46.708,46.722,46.747,46.752,46.795,46.909,46.944,46.983,47.001,47.679,47.93,48.609,49.146,
gtb_mgw32_gcc_O3_pool.exe,brnglr_slr1.gtb,Pascal,iso_pascal_7185/tok/pascal.gtb,rhul/tok/treeview.tok,24234,BRNLGR (GTB with Pool),accept,30,12.469,12.99,12.741,12.525,***,12.469,12.481,12.487,12.571,12.617,12.628,12.655,12.664,12.678,12.681,12.697,12.708,12.724,12.727,12.743,12.756,12.762,12.771,12.781,12.809,12.819,12.833,12.835,12.835,12.864,12.875,12.887,12.938,12.942,12.99,
art.jar,earleyTableIndexedPool.artv3,C,ansi_c/tok/ansi_c.art,rhul/tok/bool.tok,14890,ARTEarleyTableIndexedPool,accept,30,32.321,50.034,37.468,33.381,***,32.321,32.639,33.622,33.958,34.365,35.479,35.541,35.608,35.992,35.995,36.19,36.611,36.755,36.872,36.876,37.16,37.373,37.406,37.489,37.813,38.174,38.31,38.899,38.958,38.963,39.888,39.926,40.418,44.411,50.034,
gtb_mgw32_gcc_O3_pool.exe,rnglr_slr1.gtb,Pascal,iso_pascal_7185/tok/pascal.gtb,rhul/tok/view_ite.tok,24515,RNLGR (GTB with Pool),accept,30,10.064,11.555,10.615,10.231,***,10.064,10.081,10.29,10.351,10.367,10.374,10.445,10.495,10.507,10.514,10.529,10.531,10.548,10.565,10.57,10.574,10.586,10.596,10.619,10.622,10.632,10.655,10.714,10.726,10.731,10.78,10.993,11.18,11.242,11.555,
gtb_mgw32_gcc_O3.exe,brnglr_slr1.gtb,Pascal,iso_pascal_7185/tok/pascal.gtb,rhul/tok/quad.tok,1417,BRNLGR (GTB with standard memory allocator),accept,30,0.806,1.14, 0.870, 0.822,***,0.806,0.815,0.826,0.83,0.834,0.835,0.836,0.838,0.839,0.843,0.845,0.851,0.851,0.852,0.856,0.857,0.862,0.863,0.87,0.871,0.872,0.872,0.874,0.876,0.906,0.906,0.91,0.925,0.95,1.14,
gtb_mgw32_gcc_O3.exe,brnglr_slr1.gtb,C,ansi_c/tok/ansi_c.gtb,rhul/tok/bool.tok,14093,BRNLGR (GTB with standard memory allocator),accept,30,15.784,17.541,16.151,15.849,***,15.784,15.787,15.85,15.893,15.929,15.979,15.988,15.992,16.009,16.014,16.036,16.039,16.046,16.053,16.054,16.084,16.086,16.115,16.129,16.208,16.21,16.236,16.277,16.288,16.294,16.354,16.394,16.397,16.456,17.541,
gtb_mgw32_gcc_O3_pool.exe,brnglr_slr1.gtb,Pascal,iso_pascal_7185/tok/pascal.gtb,rhul/tok/quad.tok,1417,BRNLGR (GTB with Pool),accept,30,0.761,0.856, 0.816, 0.780,***,0.761,0.763,0.788,0.794,0.796,0.799,0.799,0.801,0.802,0.803,0.808,0.809,0.811,0.815,0.815,0.815,0.819,0.82,0.822,0.824,0.828,0.83,0.832,0.839,0.839,0.84,0.85,0.851,0.851,0.856,
gtb_mgw32_gcc_O3_pool.exe,brnglr_slr1.gtb,Pascal,iso_pascal_7185/tok/pascal.gtb,rhul/tok/view_ite.tok,24515,BRNLGR (GTB with Pool),accept,30,13.013,13.523,13.181,13.045,***,13.013,13.034,13.045,13.05,13.084,13.089,13.121,13.125,13.14,13.143,13.156,13.157,13.169,13.17,13.175,13.177,13.184,13.197,13.205,13.205,13.206,13.213,13.218,13.219,13.232,13.256,13.259,13.281,13.395,13.523,
art.jar,earleyTableIndexedPool.artv3,Pascal,iso_pascal_7185/tok/pascal.art,rhul/tok/quad.tok,1459,ARTEarleyTableIndexedPool,accept,30,18.664,27.457,23.028,19.641,***,18.664,19.551,19.552,19.938,20.502,20.721,20.966,21.446,21.693,21.827,21.84,22.066,22.432,22.988,23.02,23.091,23.786,24.017,24.211,24.227,24.61,24.715,24.865,25.024,25.264,25.287,25.57,25.635,25.882,27.457,
gtb_mgw32_gcc_O3.exe,rnglr_lr1.gtb,Pascal,iso_pascal_7185/tok/pascal.gtb,rhul/tok/quad.tok,1417,RNLGR (GTB with standard memory allocator),accept,30,0.715,0.807, 0.747, 0.719,***,0.715,0.715,0.72,0.722,0.724,0.724,0.727,0.728,0.729,0.729,0.732,0.737,0.744,0.745,0.746,0.746,0.75,0.752,0.752,0.754,0.755,0.756,0.757,0.762,0.763,0.768,0.774,0.786,0.803,0.807,
art.jar,earleyTableIndexedPool.artv3,Pascal,iso_pascal_7185/tok/pascal.art,rhul/tok/view_ite.tok,25434,ARTEarleyTableIndexedPool,accept,30,35.939,45.533,40.975,37.240,***,35.939,36.908,37.738,37.75,37.866,38.204,38.687,39.048,39.319,39.576,39.785,40.074,40.429,40.452,40.543,40.687,41.504,41.532,41.599,41.828,42.031,42.82,43.571,43.758,43.759,43.806,44.186,45.122,45.188,45.533,
script,earleyIndexedPool_g++.bat,C,ansi_c/tok/ansi_c.art,rhul/tok/bool.tok,14093,ARTEarleyIndexedPool (C),accept,30,28.348,47.201,30.624,28.503,***,28.348,28.447,28.456,28.626,28.638,28.686,28.691,28.723,28.756,28.765,28.772,28.772,28.805,28.867,28.872,28.884,28.934,29.14,29.189,29.19,29.413,29.519,29.726,31.173,31.752,31.86,32.759,34.125,45.636,47.201,
script,earleyTableIndexedPool_g++.bat,Pascal,iso_pascal_7185/tok/pascal.art,rhul/tok/quad.tok,1417,ARTEarleyTableIndexedPool (C),accept,30,3.174,3.658, 3.430, 3.280,***,3.174,3.276,3.316,3.316,3.318,3.329,3.331,3.347,3.377,3.394,3.401,3.41,3.412,3.417,3.419,3.424,3.435,3.439,3.446,3.468,3.469,3.472,3.522,3.533,3.535,3.548,3.553,3.56,3.614,3.658,
gtb_mgw32_gcc_O3.exe,rnglr_lr1.gtb,Pascal,iso_pascal_7185/tok/pascal.gtb,rhul/tok/view_ite.tok,24515,RNLGR (GTB with standard memory allocator),accept,30,11.947,13.394,12.997,12.428,***,11.947,12.429,12.464,12.595,12.703,12.961,12.967,12.997,12.997,13.02,13.027,13.045,13.056,13.063,13.07,13.079,13.091,13.1,13.114,13.127,13.142,13.143,13.159,13.173,13.181,13.195,13.21,13.215,13.234,13.394,
gtb_mgw32_gcc_O3.exe,rnglr_lr1.gtb,Pascal,iso_pascal_7185/tok/pascal.gtb,rhul/tok/treeview.tok,24234,RNLGR (GTB with standard memory allocator),accept,30,12.288,13.158,12.940,12.644,***,12.288,12.346,12.805,12.885,12.896,12.909,12.915,12.922,12.931,12.932,12.934,12.944,12.944,12.965,12.979,12.99,12.993,12.995,12.996,13.001,13.005,13.017,13.021,13.032,13.041,13.06,13.067,13.1,13.125,13.158,
script,earleyIndexedPool_g++.bat,Pascal,iso_pascal_7185/tok/pascal.art,rhul/tok/treeview.tok,24234,ARTEarleyIndexedPool (C),accept,30,13.765,14.831,14.227,13.969,***,13.765,13.979,14.019,14.031,14.049,14.05,14.093,14.099,14.105,14.178,14.194,14.196,14.212,14.216,14.217,14.223,14.243,14.252,14.253,14.258,14.263,14.264,14.324,14.327,14.375,14.378,14.4,14.501,14.505,14.831,
script,earleyTableIndexedPool_g++.bat,C,ansi_c/tok/ansi_c.art,rhul/tok/gtb_src.tok,110671,ARTEarleyTableIndexedPool (C),accept,30,63.218,94.859,65.173,63.620,***,63.218,63.666,63.69,63.745,63.78,63.789,63.789,63.81,63.815,63.849,63.873,63.878,63.894,63.903,63.914,63.961,63.972,64.009,64.024,64.04,64.054,64.138,64.29,64.293,64.311,64.334,64.354,66.291,67.633,94.859,
art.jar,earleyTableIndexedPool.artv3,C,ansi_c/tok/ansi_c.art,rhul/tok/gtb_src.tok,117560,ARTEarleyTableIndexedPool,accept,30,132.055,159.224,142.594,133.208,***,132.055,132.3,132.462,134.151,135.074,135.279,135.899,136.669,138.013,138.092,138.375,138.953,139.398,139.939,140.956,141.107,141.738,141.944,142.413,144.26,144.983,146.282,148.663,148.809,151.188,152.343,153.504,156.175,157.558,159.224,
script,earleyTableIndexedPool_g++.bat,C,ansi_c/tok/ansi_c.art,rhul/tok/bool.tok,14093,ARTEarleyTableIndexedPool (C),accept,30,11.124,23.983,11.932,11.267,***,11.124,11.245,11.262,11.301,11.405,11.414,11.426,11.433,11.441,11.443,11.446,11.467,11.469,11.481,11.502,11.528,11.531,11.546,11.599,11.605,11.606,11.607,11.607,11.617,11.671,11.717,11.778,11.821,11.877,23.983,
art.jar,gllbaseLine.art,C,ansi_c/tok/ansi_c.art,rhul/tok/bool.tok,14890,GLLBaseLine,accept,30,422.052,468.774,448.831,428.531,***,422.052,423.293,428.343,428.468,440.498,440.632,441.242,442.745,443.296,444.826,446.289,447.209,449.498,450.909,452.378,452.901,453.12,454.337,455.346,455.382,455.693,456.239,456.747,457.113,457.78,458.836,459.42,460.643,460.917,468.774,
gtb_mgw32_gcc_O3.exe,brnglr_lr1.gtb,C,ansi_c/tok/ansi_c.gtb,rhul/tok/bool.tok,14093,BRNLGR (GTB with standard memory allocator),accept,30,17.481,18.799,17.955,17.604,***,17.481,17.566,17.627,17.658,17.686,17.736,17.812,17.819,17.84,17.842,17.869,17.883,17.892,17.895,17.915,17.947,17.998,18.02,18.028,18.032,18.039,18.054,18.066,18.082,18.112,18.115,18.205,18.276,18.348,18.799,
gtb_mgw32_gcc_O3_pool.exe,rnglr_lr1.gtb,Pascal,iso_pascal_7185/tok/pascal.gtb,rhul/tok/quad.tok,1417,RNLGR (GTB with Pool),accept,30,0.703,0.818, 0.758, 0.723,***,0.703,0.718,0.729,0.731,0.735,0.738,0.738,0.741,0.742,0.745,0.746,0.747,0.748,0.752,0.754,0.758,0.76,0.762,0.765,0.765,0.765,0.779,0.784,0.784,0.785,0.788,0.788,0.789,0.794,0.818,
gtb_mgw32_gcc_O3_pool.exe,rnglr_slr1.gtb,C,ansi_c/tok/ansi_c.gtb,rhul/tok/rdp_full.tok,79797,RNLGR (GTB with Pool),accept,30,96.024,103.244,100.999,99.329,***,96.024,99.782,100.154,100.328,100.358,100.418,100.471,100.484,100.558,100.61,100.733,100.8,100.809,100.811,100.969,101.004,101.18,101.202,101.26,101.283,101.354,101.455,101.471,101.549,101.588,101.908,102.076,102.966,103.121,103.244,
gtb_mgw32_gcc_O3.exe,rnglr_slr1.gtb,Pascal,iso_pascal_7185/tok/pascal.gtb,rhul/tok/view_ite.tok,24515,RNLGR (GTB with standard memory allocator),accept,30,10.501,11.396,10.760,10.555,***,10.501,10.527,10.562,10.576,10.611,10.626,10.631,10.632,10.634,10.641,10.655,10.661,10.665,10.686,10.704,10.709,10.716,10.737,10.741,10.752,10.753,10.803,10.812,10.846,10.861,10.875,11.044,11.098,11.333,11.396,
gtb_mgw32_gcc_O3.exe,rnglr_slr1.gtb,Pascal,iso_pascal_7185/tok/pascal.gtb,rhul/tok/treeview.tok,24234,RNLGR (GTB with standard memory allocator),accept,30,10.153,11.018,10.402,10.198,***,10.153,10.174,10.198,10.226,10.239,10.247,10.248,10.251,10.28,10.291,10.293,10.307,10.313,10.325,10.334,10.381,10.386,10.416,10.422,10.422,10.422,10.43,10.437,10.44,10.442,10.583,10.686,10.748,10.958,11.018,
script,earleyTableIndexedPool_g++.bat,Pascal,iso_pascal_7185/tok/pascal.art,rhul/tok/treeview.tok,24234,ARTEarleyTableIndexedPool (C),accept,30,11.893,12.86,12.286,12.053,***,11.893,12.022,12.083,12.132,12.137,12.141,12.18,12.197,12.221,12.225,12.237,12.241,12.249,12.255,12.259,12.268,12.278,12.287,12.325,12.34,12.344,12.362,12.378,12.383,12.405,12.414,12.428,12.502,12.546,12.86,
art.jar,gllbaseLine.art,C,ansi_c/tok/ansi_c.art,rhul/tok/gtb_src.tok,117560,GLLBaseLine,accept,30,12858.824,13549.003,13052.885,12875.319,***,12858.824,12861.629,12866.363,12887.818,12901.961,12904.501,12913.638,12914.646,12928.537,12944.76,12961.185,12961.694,12963.808,12975.898,12982.975,13003.336,13006.624,13016.845,13020.101,13040.825,13099.832,13161.202,13173.9,13180.191,13253.28,13268.498,13274.863,13301.67,13408.151,13549.003,
gtb_mgw32_gcc_O3.exe,rnglr_slr1.gtb,Pascal,iso_pascal_7185/tok/pascal.gtb,rhul/tok/quad.tok,1417,RNLGR (GTB with standard memory allocator),accept,30,0.548,0.599, 0.566, 0.553,***,0.548,0.55,0.555,0.555,0.555,0.555,0.556,0.556,0.557,0.56,0.56,0.563,0.564,0.564,0.566,0.568,0.569,0.57,0.57,0.57,0.571,0.573,0.573,0.573,0.573,0.577,0.579,0.579,0.582,0.599,
gtb_mgw32_gcc_O3_pool.exe,brnglr_slr1.gtb,C,ansi_c/tok/ansi_c.gtb,rhul/tok/gtb_src.tok,110671,BRNLGR (GTB with Pool),accept,30,151.594,199.323,158.690,151.873,***,151.594,151.883,151.934,151.969,151.984,152.101,152.121,152.553,152.626,152.73,152.801,152.927,152.98,153.042,153.39,153.464,153.705,153.928,153.958,155.119,155.515,155.807,155.98,156.619,157.586,170.01,183.363,184.398,185.275,199.323,
gtb_mgw32_gcc_O3.exe,rnglr_lr1.gtb,C,ansi_c/tok/ansi_c.gtb,rhul/tok/bool.tok,14093,RNLGR (GTB with standard memory allocator),accept,30,13.538,14.394,13.891,13.627,***,13.538,13.543,13.669,13.686,13.7,13.739,13.776,13.784,13.804,13.809,13.822,13.828,13.831,13.851,13.852,13.867,13.868,13.872,13.872,13.892,13.897,13.933,13.95,13.972,13.972,14.175,14.178,14.278,14.39,14.394,
gtb_mgw32_gcc_O3_pool.exe,rnglr_lr1.gtb,Pascal,iso_pascal_7185/tok/pascal.gtb,rhul/tok/view_ite.tok,24515,RNLGR (GTB with Pool),accept,30,12.433,13.439,13.010,12.541,***,12.433,12.464,12.487,12.544,12.778,12.872,12.886,12.897,12.973,12.994,13.0,13.003,13.03,13.056,13.089,13.103,13.112,13.124,13.126,13.127,13.134,13.144,13.147,13.151,13.152,13.181,13.195,13.335,13.336,13.439,
art.jar,gllbaseLine.art,Pascal,iso_pascal_7185/tok/pascal.art,rhul/tok/treeview.tok,25122,GLLBaseLine,accept,30,92.65,128.067,112.444,99.612,***,92.65,94.074,99.634,104.539,107.161,107.213,108.094,108.703,108.955,109.089,109.611,110.897,111.153,111.321,111.738,112.008,113.538,113.694,114.334,115.171,115.47,116.331,117.41,118.261,121.44,121.687,122.07,123.726,125.276,128.067,
gtb_mgw32_gcc_O3.exe,rnglr_lr1.gtb,C,ansi_c/tok/ansi_c.gtb,rhul/tok/rdp_full.tok,79797,RNLGR (GTB with standard memory allocator),accept,30,96.57,102.603,100.394,98.891,***,96.57,99.246,99.35,99.519,99.772,99.794,99.843,99.877,99.889,99.977,100.093,100.132,100.145,100.277,100.358,100.504,100.618,100.669,100.692,100.787,100.839,100.856,100.875,100.965,100.968,101.178,101.665,101.833,101.934,102.603,
script,earleyIndexedPool_g++.bat,C,ansi_c/tok/ansi_c.art,rhul/tok/rdp_full.tok,79797,ARTEarleyIndexedPool (C),accept,30,194.981,242.986,201.958,195.180,***,194.981,195.095,195.146,195.333,195.344,195.474,195.576,195.831,195.942,195.985,196.097,196.244,196.302,196.439,196.47,196.536,196.604,196.739,196.874,196.94,197.109,197.29,197.365,197.963,213.125,217.816,223.805,225.33,226.003,242.986,
gtb_mgw32_gcc_O3_pool.exe,rnglr_slr1.gtb,C,ansi_c/tok/ansi_c.gtb,rhul/tok/bool.tok,14093,RNLGR (GTB with Pool),accept,30,13.435,14.34,13.952,13.579,***,13.435,13.5,13.568,13.576,13.817,13.876,13.891,13.892,13.896,13.905,13.912,13.928,13.97,13.983,14.004,14.006,14.012,14.015,14.016,14.019,14.029,14.041,14.042,14.063,14.066,14.153,14.155,14.168,14.274,14.34,
gtb_mgw32_gcc_O3_pool.exe,brnglr_lr1.gtb,Pascal,iso_pascal_7185/tok/pascal.gtb,rhul/tok/view_ite.tok,24515,BRNLGR (GTB with Pool),accept,30,18.064,18.894,18.412,18.131,***,18.064,18.087,18.097,18.198,18.211,18.254,18.33,18.346,18.362,18.368,18.37,18.38,18.392,18.394,18.394,18.419,18.423,18.43,18.435,18.461,18.487,18.498,18.508,18.544,18.567,18.57,18.574,18.639,18.654,18.894,
art.jar,gllbaseLine.art,C,ansi_c/tok/ansi_c.art,rhul/tok/rdp_full.tok,84784,GLLBaseLine,accept,30,5851.571,6066.207,5910.866,5861.834,***,5851.571,5854.286,5866.035,5868.256,5869.024,5870.053,5872.134,5872.36,5874.772,5879.234,5880.455,5886.878,5889.084,5890.572,5890.985,5892.346,5898.839,5900.304,5900.829,5902.097,5906.659,5910.084,5915.565,5916.34,5938.502,5944.679,6028.786,6030.831,6058.222,6066.207,
art.jar,gllHashPool.art,Pascal,iso_pascal_7185/tok/pascal.art,rhul/tok/quad.tok,1459,GLLHashPool,accept,30,116.163,130.744,122.687,117.277,***,116.163,116.379,117.745,117.762,118.335,119.043,119.727,119.787,119.928,120.634,120.744,120.891,121.274,122.158,122.625,122.773,123.31,123.352,123.858,124.164,124.381,125.746,125.942,126.089,126.621,126.829,126.99,127.708,128.907,130.744,
art.jar,earleyIndexedPool.artv3,Pascal,iso_pascal_7185/tok/pascal.art,rhul/tok/quad.tok,1459,ARTEarleyIndexedPool,accept,30,10.391,13.179,11.676,10.699,***,10.391,10.522,10.717,10.849,11.014,11.035,11.086,11.148,11.186,11.275,11.343,11.396,11.527,11.545,11.693,11.901,11.993,12.002,12.022,12.03,12.057,12.064,12.114,12.132,12.152,12.243,12.314,12.634,12.716,13.179,
gtb_mgw32_gcc_O3_pool.exe,brnglr_lr1.gtb,C,ansi_c/tok/ansi_c.gtb,rhul/tok/rdp_full.tok,79797,BRNLGR (GTB with Pool),accept,30,103.996,135.018,106.968,104.108,***,103.996,104.063,104.083,104.192,104.207,104.246,104.396,104.44,104.507,104.513,104.519,104.561,104.566,104.75,104.759,104.768,104.883,104.896,104.956,105.223,105.533,105.583,105.639,106.119,106.337,106.716,107.13,108.0,132.433,135.018,
art.jar,earleyIndexedPool.artv3,C,ansi_c/tok/ansi_c.art,rhul/tok/rdp_full.tok,84784,ARTEarleyIndexedPool,accept,30,451.704,665.872,519.094,463.682,***,451.704,462.885,463.73,468.329,471.762,471.844,472.603,474.72,475.848,476.271,479.809,480.116,486.645,488.409,490.648,493.736,495.679,497.132,499.952,506.708,510.271,511.851,514.448,554.832,628.763,633.506,642.799,642.872,659.081,665.872,
art.jar,gllHashPool.art,C,ansi_c/tok/ansi_c.art,rhul/tok/rdp_full.tok,84784,GLLHashPool,accept,30,996.585,1148.952,1070.445,1009.855,***,996.585,1009.115,1009.983,1015.299,1018.291,1018.893,1020.46,1021.988,1022.589,1023.082,1026.296,1034.424,1044.493,1044.654,1057.586,1059.715,1066.278,1091.909,1103.309,1106.74,1109.028,1120.29,1125.664,1128.157,1134.851,1135.159,1135.471,1141.066,1143.024,1148.952,
gtb_mgw32_gcc_O3.exe,rnglr_slr1.gtb,C,ansi_c/tok/ansi_c.gtb,rhul/tok/rdp_full.tok,79797,RNLGR (GTB with standard memory allocator),accept,30,100.929,104.067,102.403,101.276,***,100.929,101.045,101.225,101.585,101.596,101.711,101.825,101.866,101.939,101.99,102.058,102.144,102.15,102.175,102.178,102.251,102.285,102.352,102.41,102.434,102.513,102.798,102.863,102.976,103.484,103.578,103.761,103.909,103.991,104.067,
gtb_mgw32_gcc_O3.exe,rnglr_slr1.gtb,C,ansi_c/tok/ansi_c.gtb,rhul/tok/gtb_src.tok,110671,RNLGR (GTB with standard memory allocator),accept,30,137.954,142.856,140.371,138.886,***,137.954,138.947,139.038,139.058,139.431,139.509,139.533,139.579,139.783,139.879,140.272,140.297,140.307,140.401,140.418,140.477,140.539,140.588,140.598,140.656,140.909,140.963,140.972,141.031,141.086,141.151,141.344,141.507,142.034,142.856,
gtb_mgw32_gcc_O3.exe,brnglr_lr1.gtb,C,ansi_c/tok/ansi_c.gtb,rhul/tok/rdp_full.tok,79797,BRNLGR (GTB with standard memory allocator),accept,30,107.918,112.516,109.370,108.185,***,107.918,108.094,108.154,108.313,108.444,108.478,108.533,108.543,108.581,108.614,108.677,108.707,108.743,108.816,108.899,108.939,109.211,109.293,109.518,109.69,109.718,109.799,109.871,110.219,110.241,110.312,111.022,111.186,112.039,112.516,
gtb_mgw32_gcc_O3_pool.exe,brnglr_lr1.gtb,C,ansi_c/tok/ansi_c.gtb,rhul/tok/gtb_src.tok,110671,BRNLGR (GTB with Pool),accept,30,159.329,208.28,166.309,159.757,***,159.329,159.628,159.885,159.955,159.986,160.056,160.294,160.426,160.433,160.534,160.563,160.719,160.857,160.877,160.899,160.922,160.939,161.112,161.357,161.892,162.364,162.592,162.673,162.704,166.959,170.937,191.2,191.25,199.657,208.28,
gtb_mgw32_gcc_O3_pool.exe,brnglr_lr1.gtb,Pascal,iso_pascal_7185/tok/pascal.gtb,rhul/tok/quad.tok,1417,BRNLGR (GTB with Pool),accept,30,1.188,1.622, 1.246, 1.198,***,1.188,1.194,1.201,1.201,1.207,1.209,1.217,1.218,1.219,1.219,1.223,1.224,1.226,1.229,1.231,1.234,1.235,1.236,1.238,1.238,1.241,1.241,1.251,1.252,1.254,1.263,1.268,1.29,1.321,1.622,
art.jar,earleyTableIndexedPool.artv3,Pascal,iso_pascal_7185/tok/pascal.art,rhul/tok/treeview.tok,25122,ARTEarleyTableIndexedPool,accept,30,38.818,48.704,42.537,39.253,***,38.818,38.954,39.206,39.545,39.741,39.853,40.175,40.726,40.792,40.875,40.921,41.137,41.19,41.905,42.191,42.512,42.756,43.027,43.241,43.333,43.658,44.104,44.491,45.057,45.224,45.553,45.616,46.046,46.762,48.704,
gtb_mgw32_gcc_O3_pool.exe,rnglr_lr1.gtb,Pascal,iso_pascal_7185/tok/pascal.gtb,rhul/tok/treeview.tok,24234,RNLGR (GTB with Pool),accept,30,12.213,13.116,12.874,12.432,***,12.213,12.373,12.39,12.39,12.796,12.818,12.895,12.896,12.901,12.903,12.91,12.916,12.917,12.918,12.922,12.931,12.939,12.942,12.943,12.946,12.959,12.968,13.018,13.035,13.04,13.047,13.061,13.063,13.066,13.116,
gtb_mgw32_gcc_O3.exe,brnglr_lr1.gtb,Pascal,iso_pascal_7185/tok/pascal.gtb,rhul/tok/view_ite.tok,24515,BRNLGR (GTB with standard memory allocator),accept,30,18.48,20.634,19.013,18.584,***,18.48,18.526,18.613,18.626,18.674,18.681,18.717,18.722,18.766,18.784,18.787,18.855,18.889,18.922,18.936,18.946,18.98,18.997,19.05,19.066,19.151,19.153,19.163,19.225,19.249,19.297,19.312,19.407,19.791,20.634,
script,earleyIndexedPool_g++.bat,C,ansi_c/tok/ansi_c.art,rhul/tok/gtb_src.tok,110671,ARTEarleyIndexedPool (C),accept,30,258.981,314.443,276.212,264.682,***,258.981,264.839,266.248,266.43,266.912,267.014,267.296,267.537,267.713,267.721,267.951,268.18,268.524,269.041,269.137,269.514,269.579,270.003,270.373,271.146,272.124,272.247,272.29,295.363,298.801,298.913,299.365,300.976,307.696,314.443,
art.jar,gllbaseLine.art,Pascal,iso_pascal_7185/tok/pascal.art,rhul/tok/view_ite.tok,25434,GLLBaseLine,accept,30,94.407,129.849,113.496,97.378,***,94.407,96.47,97.213,97.821,100.977,107.429,109.049,109.478,110.31,111.015,111.136,111.328,111.69,111.696,112.221,112.573,113.051,113.072,114.584,114.835,115.183,121.293,122.812,122.876,125.166,125.244,126.264,126.851,128.99,129.849,
art.jar,gllHashPool.art,C,ansi_c/tok/ansi_c.art,rhul/tok/bool.tok,14890,GLLHashPool,accept,30,255.256,318.372,293.973,273.035,***,255.256,273.505,276.348,279.864,280.2,284.647,285.351,285.754,288.876,289.025,289.205,289.298,290.256,291.665,293.857,296.23,298.485,298.819,300.037,300.837,301.009,303.877,303.916,304.77,305.539,306.815,307.766,308.617,311.008,318.372,
gtb_mgw32_gcc_O3.exe,rnglr_lr1.gtb,C,ansi_c/tok/ansi_c.gtb,rhul/tok/gtb_src.tok,110671,RNLGR (GTB with standard memory allocator),accept,30,136.955,143.772,140.185,138.218,***,136.955,138.121,138.433,138.576,139.004,139.036,139.08,139.163,139.196,139.25,139.53,139.541,140.016,140.321,140.462,140.518,140.523,140.571,140.665,140.711,140.749,140.766,140.915,141.007,141.155,141.163,141.254,142.415,142.671,143.772,
art.jar,earleyIndexedPool.artv3,C,ansi_c/tok/ansi_c.art,rhul/tok/bool.tok,14890,ARTEarleyIndexedPool,accept,30,75.113,88.308,83.081,78.251,***,75.113,78.656,78.986,79.173,79.327,79.573,81.272,81.604,81.759,81.806,82.044,82.112,82.15,82.491,83.36,83.451,84.003,84.084,84.222,84.255,85.021,85.201,85.209,86.026,86.098,86.516,86.692,86.743,87.169,88.308,
art.jar,gllHashPool.art,C,ansi_c/tok/ansi_c.art,rhul/tok/gtb_src.tok,117560,GLLHashPool,accept,30,1484.571,1760.918,1620.994,1559.563,***,1484.571,1526.217,1594.219,1595.802,1597.004,1597.723,1602.756,1604.885,1607.398,1609.039,1611.91,1620.547,1623.224,1626.101,1626.806,1628.035,1628.231,1628.45,1629.029,1633.961,1634.433,1637.573,1637.614,1638.038,1640.236,1642.846,1647.905,1652.352,1661.986,1760.918,
gtb_mgw32_gcc_O3.exe,brnglr_slr1.gtb,C,ansi_c/tok/ansi_c.gtb,rhul/tok/rdp_full.tok,79797,BRNLGR (GTB with standard memory allocator),accept,30,103.921,110.05,107.662,105.599,***,103.921,104.941,106.117,106.326,106.689,106.709,106.747,106.928,106.937,106.992,107.1,107.25,107.296,107.311,107.479,107.482,107.548,107.601,107.799,108.375,108.509,108.516,108.573,108.77,108.92,109.218,109.879,109.921,109.954,110.05,
art.jar,earleyIndexedPool.artv3,Pascal,iso_pascal_7185/tok/pascal.art,rhul/tok/view_ite.tok,25434,ARTEarleyIndexedPool,accept,30,57.187,66.126,60.870,57.972,***,57.187,57.829,58.115,58.345,58.385,59.114,59.71,59.713,59.759,59.799,59.871,59.909,59.972,60.438,60.685,60.857,60.998,61.059,61.27,61.379,61.413,61.555,61.738,62.458,62.657,62.966,63.293,64.676,64.833,66.126,
art.jar,gllbaseLine.art,Pascal,iso_pascal_7185/tok/pascal.art,rhul/tok/quad.tok,1459,GLLBaseLine,accept,30,2.294,15.428, 2.895, 2.352,***,2.294,2.306,2.378,2.391,2.392,2.396,2.399,2.401,2.409,2.419,2.42,2.427,2.428,2.431,2.434,2.44,2.441,2.445,2.45,2.464,2.497,2.522,2.543,2.575,2.594,2.605,2.624,2.625,2.677,15.428,
gtb_mgw32_gcc_O3_pool.exe,brnglr_lr1.gtb,C,ansi_c/tok/ansi_c.gtb,rhul/tok/bool.tok,14093,BRNLGR (GTB with Pool),accept,30,17.001,44.639,18.272,17.057,***,17.001,17.047,17.062,17.069,17.105,17.16,17.188,17.191,17.212,17.228,17.267,17.296,17.303,17.308,17.346,17.35,17.364,17.368,17.412,17.432,17.483,17.487,17.51,17.551,17.552,17.569,17.658,17.796,18.213,44.639,
gtb_mgw32_gcc_O3_pool.exe,brnglr_lr1.gtb,Pascal,iso_pascal_7185/tok/pascal.gtb,rhul/tok/treeview.tok,24234,BRNLGR (GTB with Pool),accept,30,17.839,18.448,18.132,17.882,***,17.839,17.85,17.887,17.911,17.923,17.967,18.0,18.006,18.019,18.028,18.067,18.073,18.08,18.087,18.127,18.18,18.187,18.191,18.195,18.196,18.196,18.233,18.259,18.266,18.281,18.296,18.359,18.364,18.447,18.448,
art.jar,gllHashPool.art,Pascal,iso_pascal_7185/tok/pascal.art,rhul/tok/view_ite.tok,25434,GLLHashPool,accept,30,172.832,202.335,186.258,177.440,***,172.832,177.172,178.116,179.22,179.862,180.192,181.5,181.559,181.802,182.223,182.941,183.257,185.166,185.501,185.55,185.959,186.392,186.671,186.687,187.516,187.538,187.984,189.563,190.022,191.154,193.721,196.884,196.895,201.538,202.335,
script,earleyIndexedPool_g++.bat,Pascal,iso_pascal_7185/tok/pascal.art,rhul/tok/quad.tok,1417,ARTEarleyIndexedPool (C),accept,30,1.048,1.172, 1.102, 1.059,***,1.048,1.051,1.056,1.069,1.072,1.077,1.081,1.082,1.082,1.083,1.092,1.096,1.097,1.1,1.104,1.107,1.109,1.112,1.113,1.117,1.118,1.12,1.121,1.126,1.127,1.127,1.131,1.134,1.135,1.172,
script,earleyIndexedPool_g++.bat,Pascal,iso_pascal_7185/tok/pascal.art,rhul/tok/view_ite.tok,24515,ARTEarleyIndexedPool (C),accept,30,13.761,14.938,14.172,13.855,***,13.761,13.848,13.86,13.902,13.906,13.953,13.963,13.98,13.986,13.989,13.997,13.999,14.043,14.073,14.087,14.11,14.111,14.114,14.136,14.238,14.265,14.34,14.351,14.377,14.45,14.506,14.566,14.651,14.668,14.938,
art.jar,gllHashPool.art,Pascal,iso_pascal_7185/tok/pascal.art,rhul/tok/treeview.tok,25122,GLLHashPool,accept,30,164.462,194.297,181.968,170.873,***,164.462,171.285,172.051,172.323,174.243,176.525,177.413,178.042,178.512,179.049,179.151,179.637,179.698,180.245,181.071,181.544,181.851,183.063,183.447,186.944,186.967,187.116,188.52,188.977,189.102,190.244,190.247,190.753,192.255,194.297,
gtb_mgw32_gcc_O3.exe,brnglr_lr1.gtb,Pascal,iso_pascal_7185/tok/pascal.gtb,rhul/tok/treeview.tok,24234,BRNLGR (GTB with standard memory allocator),accept,30,18.058,18.965,18.512,18.113,***,18.058,18.075,18.112,18.148,18.171,18.246,18.351,18.362,18.372,18.449,18.475,18.49,18.496,18.5,18.502,18.51,18.576,18.593,18.594,18.619,18.629,18.658,18.666,18.682,18.704,18.712,18.816,18.884,18.937,18.965,
gtb_mgw32_gcc_O3_pool.exe,rnglr_slr1.gtb,C,ansi_c/tok/ansi_c.gtb,rhul/tok/gtb_src.tok,110671,RNLGR (GTB with Pool),accept,30,132.595,142.976,138.793,134.423,***,132.595,133.369,133.59,135.754,136.805,137.761,137.839,138.008,138.072,138.326,138.43,138.596,138.636,138.672,138.685,138.888,139.105,139.682,139.784,139.81,139.829,140.273,140.392,140.544,140.839,141.245,141.56,141.75,141.967,142.976,
art.jar,earleyIndexedPool.artv3,C,ansi_c/tok/ansi_c.art,rhul/tok/gtb_src.tok,117560,ARTEarleyIndexedPool,accept,30,580.578,750.407,630.428,590.869,***,580.578,588.048,592.863,593.541,599.315,601.213,601.328,601.381,603.085,607.389,611.423,612.665,612.835,614.339,615.397,621.043,622.64,628.849,629.33,632.765,634.748,647.152,647.447,651.694,652.386,659.126,662.04,706.047,731.769,750.407,
art.jar,earleyTableIndexedPool.artv3,C,ansi_c/tok/ansi_c.art,rhul/tok/rdp_full.tok,84784,ARTEarleyTableIndexedPool,accept,30,100.191,129.178,110.058,102.151,***,100.191,102.22,102.657,102.716,102.97,103.691,104.155,104.747,104.824,105.634,105.959,106.159,106.468,107.042,107.435,107.586,108.369,108.393,108.67,109.123,109.281,114.114,116.816,117.625,118.72,119.031,119.738,120.177,128.065,129.178,
gtb_mgw32_gcc_O3_pool.exe,rnglr_lr1.gtb,C,ansi_c/tok/ansi_c.gtb,rhul/tok/rdp_full.tok,79797,RNLGR (GTB with Pool),accept,30,93.21,101.879,99.071,95.055,***,93.21,93.619,94.637,95.562,98.248,98.725,98.884,98.97,99.159,99.209,99.302,99.363,99.371,99.417,99.421,99.56,99.562,99.675,99.686,99.732,99.87,100.189,100.34,100.375,100.437,100.625,100.844,100.99,101.257,101.879,
gtb_mgw32_gcc_O3_pool.exe,brnglr_slr1.gtb,C,ansi_c/tok/ansi_c.gtb,rhul/tok/bool.tok,14093,BRNLGR (GTB with Pool),accept,30,15.316,17.198,15.640,15.382,***,15.316,15.367,15.395,15.405,15.428,15.46,15.481,15.492,15.521,15.522,15.522,15.525,15.526,15.536,15.543,15.546,15.552,15.574,15.584,15.607,15.624,15.644,15.646,15.659,15.669,15.821,15.963,15.97,16.109,17.198,
gtb_mgw32_gcc_O3.exe,brnglr_slr1.gtb,C,ansi_c/tok/ansi_c.gtb,rhul/tok/gtb_src.tok,110671,BRNLGR (GTB with standard memory allocator),accept,30,162.957,210.712,169.806,164.073,***,162.957,163.302,164.178,164.924,165.006,165.223,165.794,166.224,166.371,166.549,166.552,166.596,166.663,166.904,166.914,167.438,167.509,167.512,167.582,167.873,168.268,168.395,168.508,169.423,170.902,170.93,171.449,177.055,196.455,210.712,
gtb_mgw32_gcc_O3_pool.exe,rnglr_lr1.gtb,C,ansi_c/tok/ansi_c.gtb,rhul/tok/bool.tok,14093,RNLGR (GTB with Pool),accept,30,13.083,15.044,14.430,13.927,***,13.083,13.943,14.123,14.24,14.245,14.288,14.301,14.303,14.33,14.347,14.357,14.365,14.365,14.37,14.405,14.441,14.477,14.483,14.505,14.516,14.534,14.545,14.559,14.623,14.648,14.771,14.85,14.861,14.973,15.044,
art.jar,earleyIndexedPool.artv3,Pascal,iso_pascal_7185/tok/pascal.art,rhul/tok/treeview.tok,25122,ARTEarleyIndexedPool,accept,30,56.906,64.964,60.889,58.286,***,56.906,57.651,58.343,59.028,59.504,59.808,59.858,59.865,59.881,59.917,59.933,60.071,60.3,60.359,60.446,60.771,60.915,61.012,61.262,61.504,61.718,61.726,61.73,62.167,62.449,62.958,63.08,64.069,64.471,64.964,
gtb_mgw32_gcc_O3.exe,rnglr_slr1.gtb,C,ansi_c/tok/ansi_c.gtb,rhul/tok/bool.tok,14093,RNLGR (GTB with standard memory allocator),accept,30,13.38,14.066,13.564,13.400,***,13.38,13.388,13.388,13.421,13.422,13.427,13.431,13.452,13.456,13.459,13.46,13.46,13.512,13.524,13.527,13.532,13.539,13.547,13.553,13.553,13.559,13.562,13.564,13.627,13.635,13.749,13.784,13.945,13.986,14.066,
gtb_mgw32_gcc_O3_pool.exe,rnglr_slr1.gtb,Pascal,iso_pascal_7185/tok/pascal.gtb,rhul/tok/quad.tok,1417,RNLGR (GTB with Pool),accept,30,0.542,0.607, 0.564, 0.546,***,0.542,0.542,0.547,0.55,0.551,0.555,0.555,0.555,0.556,0.556,0.556,0.558,0.559,0.561,0.561,0.562,0.563,0.563,0.566,0.57,0.57,0.57,0.571,0.571,0.573,0.579,0.58,0.585,0.597,0.607,
gtb_mgw32_gcc_O3.exe,brnglr_lr1.gtb,C,ansi_c/tok/ansi_c.gtb,rhul/tok/gtb_src.tok,110671,BRNLGR (GTB with standard memory allocator),accept,30,171.067,215.539,177.507,171.574,***,171.067,171.353,171.629,171.744,172.077,172.096,172.306,172.429,172.529,172.633,172.806,172.85,173.212,173.342,173.475,173.763,173.883,173.937,173.958,173.994,174.354,174.388,174.396,174.478,175.428,177.955,199.835,201.328,202.421,215.539,
gtb_mgw32_gcc_O3_pool.exe,brnglr_slr1.gtb,C,ansi_c/tok/ansi_c.gtb,rhul/tok/rdp_full.tok,79797,BRNLGR (GTB with Pool),accept,30,100.114,148.201,104.550,101.375,***,100.114,101.078,101.633,101.96,102.089,102.161,102.167,102.234,102.276,102.305,102.347,102.532,102.662,102.725,102.831,102.834,102.915,102.93,103.117,103.227,103.373,103.46,103.695,104.352,104.553,104.632,105.29,106.334,106.475,148.201,
script,earleyTableIndexedPool_g++.bat,Pascal,iso_pascal_7185/tok/pascal.art,rhul/tok/view_ite.tok,24515,ARTEarleyTableIndexedPool (C),accept,30,12.175,13.748,12.609,12.248,***,12.175,12.208,12.281,12.283,12.291,12.317,12.324,12.386,12.399,12.409,12.43,12.433,12.46,12.563,12.598,12.652,12.66,12.675,12.678,12.683,12.713,12.76,12.761,12.77,12.861,12.877,12.899,12.915,13.054,13.748,
gtb_mgw32_gcc_O3.exe,brnglr_lr1.gtb,Pascal,iso_pascal_7185/tok/pascal.gtb,rhul/tok/quad.tok,1417,BRNLGR (GTB with standard memory allocator),accept,30,1.194,1.349, 1.222, 1.196,***,1.194,1.194,1.196,1.198,1.198,1.198,1.2,1.201,1.203,1.206,1.206,1.207,1.207,1.207,1.209,1.211,1.215,1.215,1.216,1.217,1.218,1.221,1.223,1.226,1.227,1.228,1.274,1.292,1.297,1.349,
