tool,script,language,grammar,string,tokens,algorithm,result,Runs,TParseMin,TParseMax,TParseMean,TParseBestFiveMean,,Results...,,,,,,,,,,,,,,,,,,,,,,,,,,,,,
gtb_mgw32_gcc_O3_pool.exe,brnglr_slr1.gtb,C,ansi_c/earleyTableData/ansi_c.gtb,rhul/earleyTableData/bool.tok,4291,BRNLGR (GTB with Pool),accept,30,15.066,16.433,15.489,15.242,***,15.066,15.267,15.282,15.296,15.3,15.341,15.367,15.396,15.404,15.409,15.412,15.423,15.425,15.447,15.453,15.458,15.47,15.476,15.48,15.486,15.503,15.518,15.529,15.544,15.559,15.58,15.627,15.733,15.974,16.433
art.jar,earleyIndexedPoolV3.bat,C,ansi_c/earleyTableData/ansi_c.art,rhul/earleyTableData/bool.tok,4291,ARTEarleyIndexedPool,accept,30,84.433,102.175,93.43,86.063,***,84.433,85.826,85.99,86.749,87.319,88.505,89.703,90.161,91.525,91.666,92.501,92.672,93.007,93.132,93.17,93.545,94.291,94.44,94.509,94.671,94.751,95.195,95.445,97.241,99.011,100.135,100.154,100.237,100.754,102.175
art.jar,earleyIndexedPoolV3_g++.bat,C,ansi_c/earleyTableData/ansi_c.art,rhul/earleyTableData/bool.tok,4291,ARTEarleyIndexedPool (C),accept,30,27.259,28.863,27.988,27.643,***,27.259,27.698,27.716,27.741,27.803,27.811,27.825,27.836,27.837,27.851,27.87,27.912,27.937,27.942,27.946,27.957,27.982,27.983,28.003,28.016,28.018,28.062,28.114,28.146,28.206,28.243,28.243,28.334,28.486,28.863
art.jar,earleyTableIndexedPoolV3.bat,C,ansi_c/earleyTableData/ansi_c.art,rhul/earleyTableData/bool.tok,4291,ARTEarleyTableIndexedPool,accept,30,35.595,44.908,39.627,36.61,***,35.595,36.609,36.776,36.874,37.198,37.201,37.589,37.678,37.816,38.017,38.055,38.243,38.393,38.419,38.639,39.107,39.198,39.551,39.899,39.908,40.138,42.098,42.112,42.491,42.539,42.736,43.176,43.599,44.247,44.908
art.jar,earleyTableIndexedPoolV3_g++.bat,C,ansi_c/earleyTableData/ansi_c.art,rhul/earleyTableData/bool.tok,4291,ARTEarleyTableIndexedPool (C),accept,30,11.684,12.649,12.058,11.749,***,11.684,11.714,11.754,11.795,11.797,11.869,11.914,11.956,11.977,11.977,11.992,11.993,12.024,12.046,12.076,12.099,12.106,12.148,12.149,12.152,12.156,12.161,12.19,12.198,12.203,12.208,12.236,12.239,12.267,12.649
gtb_mgw32_gcc_O3_pool.exe,brnglr_slr1.gtb,C,ansi_c/earleyTableData/ansi_c.gtb,rhul/earleyTableData/gtb_src.tok,36827,BRNLGR (GTB with Pool),accept,30,149.311,184.275,153.546,150.488,***,149.311,150.609,150.781,150.84,150.897,150.929,151.039,151.073,151.322,151.449,151.537,151.627,151.981,152.07,152.096,152.108,152.117,152.154,152.236,152.298,152.375,152.765,152.812,152.824,153,153.362,154.221,154.528,167.73,184.275
art.jar,earleyIndexedPoolV3.bat,C,ansi_c/earleyTableData/ansi_c.art,rhul/earleyTableData/gtb_src.tok,36827,ARTEarleyIndexedPool,accept,30,610.781,921.575,743.56,631.406,***,610.781,610.829,640.124,646.246,649.051,655.301,659.291,666.015,675.262,690.312,699.536,702.826,722.966,733.79,750.112,753.952,755.071,755.479,761.173,770.797,803.729,811.631,813.528,816.804,823.45,833.095,845.31,851.04,877.73,921.575
art.jar,earleyIndexedPoolV3_g++.bat,C,ansi_c/earleyTableData/ansi_c.art,rhul/earleyTableData/gtb_src.tok,36827,ARTEarleyIndexedPool (C),accept,30,257.582,262.921,259.816,257.928,***,257.582,257.649,257.839,258.11,258.459,258.534,258.566,258.732,259.144,259.246,259.556,259.722,259.761,259.886,259.919,260.001,260.006,260.088,260.129,260.192,260.533,260.548,260.625,260.864,260.982,261.059,261.126,261.205,261.509,262.921
art.jar,earleyTableIndexedPoolV3.bat,C,ansi_c/earleyTableData/ansi_c.art,rhul/earleyTableData/gtb_src.tok,36827,ARTEarleyTableIndexedPool,accept,30,137.796,189.948,152.06,139.988,***,137.796,139.975,139.985,140.93,141.256,142.2,143.133,143.136,144.022,144.837,145.323,145.891,146.669,146.73,147.535,149.957,150.181,151.211,152.043,153.02,155.329,157.884,159.441,159.872,161.338,162.66,164.8,170.26,174.445,189.948
art.jar,earleyTableIndexedPoolV3_g++.bat,C,ansi_c/earleyTableData/ansi_c.art,rhul/earleyTableData/gtb_src.tok,36827,ARTEarleyTableIndexedPool (C),accept,30,62.846,98.391,67.294,63.075,***,62.846,62.927,63.074,63.242,63.288,63.342,63.348,63.405,63.445,63.984,64.007,64.037,64.119,64.201,64.216,64.248,64.32,64.471,64.493,64.58,64.595,64.601,64.639,64.644,64.751,64.781,79.933,81.011,95.891,98.391
gtb_mgw32_gcc_O3_pool.exe,brnglr_slr1.gtb,C,ansi_c/earleyTableData/ansi_c.gtb,rhul/earleyTableData/rdp_full.tok,26551,BRNLGR (GTB with Pool),accept,30,100.972,105.032,102.352,101.203,***,100.972,101.12,101.133,101.368,101.424,101.527,101.573,101.671,101.672,101.7,101.816,102.082,102.084,102.114,102.231,102.463,102.47,102.513,102.706,102.728,102.782,102.861,102.866,102.927,103.061,103.102,103.261,103.497,103.799,105.032
art.jar,earleyIndexedPoolV3.bat,C,ansi_c/earleyTableData/ansi_c.art,rhul/earleyTableData/rdp_full.tok,26551,ARTEarleyIndexedPool,accept,30,491.569,867.018,626.603,507.416,***,491.569,506.283,509.377,513.357,516.496,520.855,522.232,522.467,522.621,539.649,540.032,558.778,592.991,607.753,635.625,636.404,641.787,643.341,656.366,670.603,686.686,700.688,706.907,717.503,722.672,725.08,755.222,760.421,807.292,867.018
art.jar,earleyIndexedPoolV3_g++.bat,C,ansi_c/earleyTableData/ansi_c.art,rhul/earleyTableData/rdp_full.tok,26551,ARTEarleyIndexedPool (C),accept,30,182.858,209.331,189.465,186.937,***,182.858,187.771,187.998,188.012,188.045,188.09,188.198,188.248,188.263,188.294,188.295,188.342,188.709,188.773,188.877,189.041,189.142,189.148,189.193,189.253,189.388,189.404,189.62,189.709,189.721,190.043,190.444,190.683,191.053,209.331
art.jar,earleyTableIndexedPoolV3.bat,C,ansi_c/earleyTableData/ansi_c.art,rhul/earleyTableData/rdp_full.tok,26551,ARTEarleyTableIndexedPool,accept,30,107.629,129.171,114.918,109.632,***,107.629,108.971,109.691,110.52,111.35,111.378,111.954,111.957,112.394,112.581,112.736,112.991,113.739,114.115,114.127,114.212,114.507,115.211,115.458,116.375,116.874,116.993,117.139,117.406,117.627,119.224,119.426,119.93,121.86,129.171
art.jar,earleyTableIndexedPoolV3_g++.bat,C,ansi_c/earleyTableData/ansi_c.art,rhul/earleyTableData/rdp_full.tok,26551,ARTEarleyTableIndexedPool (C),accept,30,45.933,48.198,46.834,46.112,***,45.933,45.957,46.141,46.201,46.33,46.484,46.495,46.515,46.672,46.688,46.691,46.741,46.757,46.79,46.81,46.834,46.871,46.873,46.906,46.907,46.909,46.926,46.974,47.184,47.249,47.393,47.412,47.579,47.593,48.198
gtb_mgw32_gcc_O3_pool.exe,brnglr_slr1.gtb,COBOL,rhul/earleyTableData/cob_rob.gtb,rhul/earleyTableData/cob_str.tok,2197,BRNLGR (GTB with Pool),accept,30,13.77,15.644,14.311,13.871,***,13.77,13.819,13.86,13.948,13.956,13.973,14.014,14.037,14.12,14.161,14.306,14.333,14.342,14.342,14.368,14.37,14.38,14.396,14.398,14.405,14.413,14.428,14.444,14.462,14.466,14.478,14.525,14.541,14.628,15.644
art.jar,earleyIndexedPoolV3.bat,COBOL,rhul/earleyTableData/cob_rob.art,rhul/earleyTableData/cob_str.tok,2197,ARTEarleyIndexedPool,accept,30,85.106,132.389,107.818,85.772,***,85.106,85.189,85.643,86.458,86.462,86.787,87.166,87.669,90.223,91.459,92.048,92.533,95.347,100.885,106.921,112.36,118.48,120.512,120.613,122.282,122.691,123.48,124.085,125.063,127.969,129.285,131.498,131.785,132.138,132.389
art.jar,earleyIndexedPoolV3_g++.bat,COBOL,rhul/earleyTableData/cob_rob.art,rhul/earleyTableData/cob_str.tok,2197,ARTEarleyIndexedPool (C),accept,30,10.248,11.031,10.469,10.295,***,10.248,10.293,10.296,10.317,10.32,10.354,10.362,10.364,10.364,10.388,10.398,10.413,10.415,10.416,10.418,10.425,10.442,10.448,10.478,10.482,10.502,10.503,10.504,10.521,10.526,10.562,10.608,10.783,10.892,11.031
art.jar,earleyTableIndexedPoolV3.bat,COBOL,rhul/earleyTableData/cob_rob.art,rhul/earleyTableData/cob_str.tok,2197,ARTEarleyTableIndexedPool,accept,30,23.877,51.982,29.702,24.907,***,23.877,25.019,25.174,25.225,25.24,25.304,25.549,25.672,25.718,25.752,25.897,25.964,26.012,26.845,26.92,27.03,27.299,27.499,27.929,28.552,30.74,31.636,32.432,33.628,35.167,36.258,37.206,39.094,40.435,51.982
art.jar,earleyIndexedPoolV3.bat,gamma3,rhul/earleyTableData/gamma3.art,rhul/earleyTableData/b.000,0,ARTEarleyIndexedPool,reject,30,0.088,0.146,0.102,0.089,***,0.088,0.088,0.089,0.09,0.091,0.091,0.092,0.092,0.094,0.095,0.096,0.097,0.097,0.099,0.099,0.1,0.102,0.102,0.104,0.104,0.106,0.106,0.107,0.11,0.112,0.118,0.118,0.119,0.119,0.146
art.jar,earleyIndexedPoolV3_g++.bat,gamma3,rhul/earleyTableData/gamma3.art,rhul/earleyTableData/b.000,0,ARTEarleyIndexedPool (C),reject,30,0.018,0.024,0.019,0.018,***,0.018,0.018,0.018,0.018,0.018,0.019,0.019,0.019,0.019,0.019,0.019,0.019,0.019,0.019,0.019,0.019,0.019,0.019,0.019,0.019,0.019,0.019,0.019,0.019,0.02,0.02,0.02,0.02,0.022,0.024
art.jar,earleyTableIndexedPoolV3.bat,gamma3,rhul/earleyTableData/gamma3.art,rhul/earleyTableData/b.000,0,ARTEarleyTableIndexedPool,reject,30,19.742,24.302,22.237,20.451,***,19.742,20.314,20.444,20.566,21.19,21.64,21.759,21.786,21.815,21.921,21.945,21.965,22.08,22.081,22.158,22.17,22.245,22.407,22.577,22.59,22.674,22.689,22.807,22.836,23.066,23.478,23.682,23.993,24.174,24.302
art.jar,earleyTableIndexedPoolV3_g++.bat,gamma3,rhul/earleyTableData/gamma3.art,rhul/earleyTableData/b.000,0,ARTEarleyTableIndexedPool (C),reject,30,0.019,0.024,0.021,0.019,***,0.019,0.019,0.019,0.02,0.02,0.02,0.02,0.02,0.02,0.02,0.02,0.02,0.02,0.02,0.021,0.021,0.021,0.021,0.021,0.021,0.021,0.021,0.021,0.021,0.021,0.021,0.022,0.022,0.023,0.024
art.jar,earleyIndexedPoolV3.bat,gamma3,rhul/earleyTableData/gamma3.art,rhul/earleyTableData/b.010,10,ARTEarleyIndexedPool,accept,30,2.334,2.88,2.497,2.366,***,2.334,2.355,2.356,2.379,2.404,2.411,2.433,2.435,2.439,2.447,2.459,2.461,2.467,2.468,2.48,2.491,2.495,2.497,2.498,2.505,2.511,2.515,2.552,2.563,2.58,2.583,2.634,2.642,2.65,2.88
art.jar,earleyIndexedPoolV3_g++.bat,gamma3,rhul/earleyTableData/gamma3.art,rhul/earleyTableData/b.010,10,ARTEarleyIndexedPool (C),accept,30,0.14,0.191,0.147,0.14,***,0.14,0.14,0.14,0.141,0.141,0.142,0.143,0.143,0.143,0.144,0.144,0.144,0.144,0.144,0.144,0.145,0.145,0.145,0.145,0.146,0.146,0.147,0.147,0.148,0.149,0.149,0.152,0.162,0.166,0.191
art.jar,earleyTableIndexedPoolV3.bat,gamma3,rhul/earleyTableData/gamma3.art,rhul/earleyTableData/b.010,10,ARTEarleyTableIndexedPool,accept,30,22.01,26.407,24.117,22.533,***,22.01,22.418,22.51,22.851,22.875,22.99,23.437,23.482,23.503,23.584,23.758,23.78,23.812,24.128,24.206,24.264,24.342,24.408,24.528,24.613,24.722,24.755,24.775,24.872,24.939,24.96,25.074,25.616,25.901,26.407
art.jar,earleyTableIndexedPoolV3_g++.bat,gamma3,rhul/earleyTableData/gamma3.art,rhul/earleyTableData/b.010,10,ARTEarleyTableIndexedPool (C),accept,30,0.074,0.107,0.082,0.075,***,0.074,0.074,0.075,0.075,0.077,0.077,0.077,0.077,0.077,0.078,0.079,0.079,0.08,0.08,0.08,0.08,0.08,0.08,0.081,0.082,0.082,0.082,0.083,0.083,0.085,0.092,0.092,0.093,0.094,0.107
art.jar,earleyIndexedPoolV3.bat,gamma3,rhul/earleyTableData/gamma3.art,rhul/earleyTableData/b.020,20,ARTEarleyIndexedPool,accept,30,5.547,6.335,5.898,5.654,***,5.547,5.599,5.675,5.719,5.73,5.778,5.782,5.793,5.796,5.805,5.817,5.817,5.832,5.851,5.863,5.863,5.873,5.885,5.894,5.919,5.921,5.945,5.952,6.022,6.056,6.163,6.173,6.24,6.288,6.335
art.jar,earleyIndexedPoolV3_g++.bat,gamma3,rhul/earleyTableData/gamma3.art,rhul/earleyTableData/b.020,20,ARTEarleyIndexedPool (C),accept,30,0.87,0.939,0.898,0.874,***,0.87,0.871,0.874,0.876,0.878,0.878,0.882,0.882,0.884,0.89,0.89,0.892,0.893,0.893,0.894,0.895,0.898,0.9,0.902,0.904,0.907,0.909,0.912,0.914,0.919,0.92,0.921,0.933,0.934,0.939
art.jar,earleyTableIndexedPoolV3.bat,gamma3,rhul/earleyTableData/gamma3.art,rhul/earleyTableData/b.020,20,ARTEarleyTableIndexedPool,accept,30,23.162,30.674,27.6,25.578,***,23.162,25.296,26.101,26.656,26.675,26.71,26.88,27.035,27.278,27.332,27.423,27.497,27.5,27.538,27.546,27.596,27.871,27.994,28.007,28.023,28.068,28.118,28.155,28.218,28.262,28.566,28.774,28.993,30.052,30.674
art.jar,earleyTableIndexedPoolV3_g++.bat,gamma3,rhul/earleyTableData/gamma3.art,rhul/earleyTableData/b.020,20,ARTEarleyTableIndexedPool (C),accept,30,0.237,0.276,0.253,0.241,***,0.237,0.241,0.243,0.243,0.243,0.244,0.245,0.245,0.245,0.245,0.246,0.247,0.248,0.249,0.25,0.25,0.252,0.252,0.253,0.254,0.255,0.261,0.263,0.264,0.264,0.265,0.271,0.272,0.274,0.276
art.jar,earleyIndexedPoolV3.bat,gamma3,rhul/earleyTableData/gamma3.art,rhul/earleyTableData/b.030,30,ARTEarleyIndexedPool,accept,30,12.768,13.787,13.172,12.899,***,12.768,12.925,12.926,12.929,12.946,12.954,12.975,13.044,13.068,13.076,13.087,13.112,13.113,13.138,13.139,13.162,13.19,13.191,13.202,13.212,13.232,13.252,13.254,13.257,13.299,13.358,13.367,13.539,13.644,13.787
art.jar,earleyIndexedPoolV3_g++.bat,gamma3,rhul/earleyTableData/gamma3.art,rhul/earleyTableData/b.030,30,ARTEarleyIndexedPool (C),accept,30,2.927,3.14,2.999,2.935,***,2.927,2.932,2.938,2.938,2.939,2.939,2.941,2.955,2.957,2.959,2.96,2.966,2.969,2.971,2.992,2.996,3.001,3.004,3.008,3.012,3.018,3.033,3.036,3.053,3.062,3.069,3.081,3.088,3.091,3.14
art.jar,earleyTableIndexedPoolV3.bat,gamma3,rhul/earleyTableData/gamma3.art,rhul/earleyTableData/b.030,30,ARTEarleyTableIndexedPool,accept,30,36.758,38.718,37.82,37.039,***,36.758,37.041,37.085,37.146,37.165,37.166,37.19,37.228,37.243,37.267,37.748,37.775,37.838,37.863,37.878,37.963,37.972,38.026,38.144,38.147,38.161,38.174,38.176,38.238,38.302,38.416,38.55,38.6,38.621,38.718
art.jar,earleyTableIndexedPoolV3_g++.bat,gamma3,rhul/earleyTableData/gamma3.art,rhul/earleyTableData/b.030,30,ARTEarleyTableIndexedPool (C),accept,30,0.584,0.639,0.609,0.589,***,0.584,0.584,0.59,0.593,0.594,0.597,0.598,0.599,0.599,0.603,0.603,0.606,0.606,0.609,0.609,0.61,0.61,0.61,0.611,0.611,0.612,0.615,0.616,0.618,0.621,0.623,0.624,0.629,0.634,0.639
art.jar,earleyIndexedPoolV3.bat,gamma3,rhul/earleyTableData/gamma3.art,rhul/earleyTableData/b.040,40,ARTEarleyIndexedPool,accept,30,21.975,23.307,22.497,22.12,***,21.975,22.059,22.117,22.211,22.237,22.317,22.336,22.356,22.36,22.384,22.408,22.421,22.45,22.452,22.48,22.507,22.511,22.516,22.538,22.563,22.639,22.647,22.651,22.676,22.7,22.718,22.742,22.776,22.862,23.307
art.jar,earleyIndexedPoolV3_g++.bat,gamma3,rhul/earleyTableData/gamma3.art,rhul/earleyTableData/b.040,40,ARTEarleyIndexedPool (C),accept,30,7.156,7.697,7.355,7.189,***,7.156,7.176,7.196,7.204,7.213,7.226,7.248,7.252,7.256,7.257,7.257,7.259,7.267,7.286,7.314,7.324,7.329,7.353,7.374,7.383,7.422,7.43,7.433,7.485,7.497,7.553,7.555,7.599,7.663,7.697
art.jar,earleyTableIndexedPoolV3.bat,gamma3,rhul/earleyTableData/gamma3.art,rhul/earleyTableData/b.040,40,ARTEarleyTableIndexedPool,accept,30,59.702,74.094,69.31,61.732,***,59.702,60.721,62.004,63.107,63.126,66.736,66.82,67.128,67.348,67.5,69.803,70.081,70.506,70.602,70.609,71.07,71.072,71.25,71.336,71.369,71.781,71.814,72.104,72.277,72.384,72.911,73,73.418,73.622,74.094
art.jar,earleyTableIndexedPoolV3_g++.bat,gamma3,rhul/earleyTableData/gamma3.art,rhul/earleyTableData/b.040,40,ARTEarleyTableIndexedPool (C),accept,30,1.122,1.203,1.168,1.138,***,1.122,1.13,1.14,1.148,1.149,1.15,1.155,1.156,1.156,1.158,1.161,1.164,1.167,1.169,1.17,1.171,1.173,1.173,1.176,1.179,1.18,1.181,1.182,1.182,1.185,1.188,1.19,1.192,1.197,1.203
art.jar,earleyIndexedPoolV3.bat,gamma3,rhul/earleyTableData/gamma3.art,rhul/earleyTableData/b.050,50,ARTEarleyIndexedPool,accept,30,32.068,33.628,32.66,32.173,***,32.068,32.103,32.198,32.2,32.296,32.334,32.366,32.372,32.38,32.392,32.471,32.493,32.607,32.658,32.664,32.685,32.693,32.712,32.753,32.76,32.761,32.844,32.894,32.935,32.977,32.986,33.006,33.099,33.453,33.628
art.jar,earleyIndexedPoolV3_g++.bat,gamma3,rhul/earleyTableData/gamma3.art,rhul/earleyTableData/b.050,50,ARTEarleyIndexedPool (C),accept,30,14.349,15.149,14.675,14.423,***,14.349,14.409,14.444,14.454,14.461,14.483,14.488,14.521,14.529,14.542,14.585,14.586,14.598,14.6,14.618,14.633,14.666,14.667,14.671,14.721,14.732,14.735,14.798,14.8,14.801,14.972,15.016,15.062,15.147,15.149
art.jar,earleyTableIndexedPoolV3.bat,gamma3,rhul/earleyTableData/gamma3.art,rhul/earleyTableData/b.050,50,ARTEarleyTableIndexedPool,accept,30,80.355,94.726,87.061,81.948,***,80.355,81.033,82.005,82.783,83.562,85.042,85.211,85.224,85.336,85.655,85.89,85.97,86.17,86.672,87.189,87.469,87.486,87.899,87.97,88.151,88.184,88.802,88.844,88.903,88.994,89.162,90.144,92.795,94.196,94.726
art.jar,earleyTableIndexedPoolV3_g++.bat,gamma3,rhul/earleyTableData/gamma3.art,rhul/earleyTableData/b.050,50,ARTEarleyTableIndexedPool (C),accept,30,1.953,2.068,2.015,1.966,***,1.953,1.959,1.961,1.978,1.979,1.983,1.983,1.989,1.993,1.995,2.005,2.006,2.017,2.018,2.022,2.023,2.024,2.025,2.031,2.032,2.034,2.036,2.037,2.037,2.04,2.046,2.053,2.053,2.062,2.068
art.jar,earleyIndexedPoolV3.bat,gamma3,rhul/earleyTableData/gamma3.art,rhul/earleyTableData/b.060,60,ARTEarleyIndexedPool,accept,30,47.698,51.558,48.608,47.766,***,47.698,47.737,47.75,47.816,47.83,47.88,47.882,47.948,47.984,48.08,48.161,48.179,48.277,48.279,48.284,48.467,48.525,48.549,48.628,48.704,48.721,48.744,48.851,48.941,49.406,49.433,49.834,49.964,50.131,51.558
art.jar,earleyIndexedPoolV3_g++.bat,gamma3,rhul/earleyTableData/gamma3.art,rhul/earleyTableData/b.060,60,ARTEarleyIndexedPool (C),accept,30,25.768,26.686,26.071,25.845,***,25.768,25.827,25.847,25.879,25.903,25.929,25.946,25.947,25.952,25.953,25.955,25.992,25.995,25.998,26.032,26.037,26.04,26.047,26.048,26.076,26.089,26.09,26.092,26.135,26.172,26.179,26.458,26.474,26.572,26.686
art.jar,earleyTableIndexedPoolV3.bat,gamma3,rhul/earleyTableData/gamma3.art,rhul/earleyTableData/b.060,60,ARTEarleyTableIndexedPool,accept,30,70.777,103.524,93.113,78.183,***,70.777,75.122,76.749,80.046,88.223,88.434,88.844,89.162,90.646,92.44,93.015,94.599,94.672,94.901,95.252,95.577,95.628,96.28,96.422,96.75,96.95,97.075,97.759,99.079,99.722,100.173,100.623,102.337,102.594,103.524
art.jar,earleyTableIndexedPoolV3_g++.bat,gamma3,rhul/earleyTableData/gamma3.art,rhul/earleyTableData/b.060,60,ARTEarleyTableIndexedPool (C),accept,30,3.108,3.258,3.2,3.121,***,3.108,3.119,3.12,3.122,3.138,3.164,3.175,3.177,3.184,3.187,3.193,3.193,3.194,3.198,3.199,3.206,3.208,3.213,3.22,3.229,3.231,3.233,3.234,3.239,3.243,3.247,3.247,3.248,3.258,3.258
art.jar,earleyIndexedPoolV3.bat,gamma3,rhul/earleyTableData/gamma3.art,rhul/earleyTableData/b.070,70,ARTEarleyIndexedPool,accept,30,68.73,72.234,70.848,69.184,***,68.73,69.011,69.021,69.214,69.944,70.165,70.423,70.507,70.508,70.566,70.587,70.703,70.786,70.841,70.895,70.977,71.032,71.082,71.245,71.36,71.41,71.472,71.475,71.548,71.635,71.895,72.017,72.061,72.105,72.234
art.jar,earleyIndexedPoolV3_g++.bat,gamma3,rhul/earleyTableData/gamma3.art,rhul/earleyTableData/b.070,70,ARTEarleyIndexedPool (C),accept,30,42.751,43.753,43.097,42.823,***,42.751,42.804,42.838,42.852,42.871,42.872,42.875,42.895,42.942,42.954,42.965,42.996,43.002,43.026,43.035,43.041,43.051,43.085,43.091,43.128,43.129,43.218,43.22,43.287,43.29,43.372,43.456,43.476,43.648,43.753
art.jar,earleyTableIndexedPoolV3.bat,gamma3,rhul/earleyTableData/gamma3.art,rhul/earleyTableData/b.070,70,ARTEarleyTableIndexedPool,accept,30,66.648,73.143,70.165,67.984,***,66.648,67.681,67.992,68.618,68.979,68.983,69.124,69.2,69.503,69.568,69.797,69.812,69.872,69.932,70.267,70.28,70.298,70.491,70.5,70.516,70.956,70.967,71.043,71.148,71.184,71.397,72.171,72.352,72.522,73.143
art.jar,earleyTableIndexedPoolV3_g++.bat,gamma3,rhul/earleyTableData/gamma3.art,rhul/earleyTableData/b.070,70,ARTEarleyTableIndexedPool (C),accept,30,4.668,4.892,4.806,4.697,***,4.668,4.683,4.701,4.713,4.72,4.757,4.759,4.774,4.78,4.788,4.788,4.788,4.79,4.79,4.794,4.795,4.8,4.804,4.812,4.87,4.872,4.874,4.875,4.878,4.878,4.88,4.885,4.886,4.887,4.892
art.jar,earleyIndexedPoolV3.bat,gamma3,rhul/earleyTableData/gamma3.art,rhul/earleyTableData/b.080,80,ARTEarleyIndexedPool,accept,30,99.824,106.178,103.249,101.134,***,99.824,101.353,101.367,101.376,101.752,101.758,101.902,102.631,102.752,102.781,102.902,102.995,103.042,103.052,103.125,103.381,103.496,103.732,103.839,103.963,103.974,104.081,104.23,104.293,104.36,104.451,104.647,104.675,105.562,106.178
art.jar,earleyIndexedPoolV3_g++.bat,gamma3,rhul/earleyTableData/gamma3.art,rhul/earleyTableData/b.080,80,ARTEarleyIndexedPool (C),accept,30,66.449,72.829,67.729,67.074,***,66.449,67.16,67.165,67.287,67.311,67.317,67.32,67.42,67.421,67.422,67.439,67.466,67.476,67.505,67.546,67.566,67.578,67.582,67.62,67.62,67.624,67.646,67.677,67.719,67.761,67.994,68.089,68.101,68.768,72.829
art.jar,earleyTableIndexedPoolV3.bat,gamma3,rhul/earleyTableData/gamma3.art,rhul/earleyTableData/b.080,80,ARTEarleyTableIndexedPool,accept,30,75.382,81.76,78.305,75.871,***,75.382,75.703,76.006,76.071,76.191,76.322,76.843,77.265,77.405,77.699,77.701,78.239,78.253,78.257,78.453,78.541,78.605,78.851,78.914,78.959,79.038,79.071,79.134,79.345,79.809,79.87,79.981,80.431,81.06,81.76
art.jar,earleyTableIndexedPoolV3_g++.bat,gamma3,rhul/earleyTableData/gamma3.art,rhul/earleyTableData/b.080,80,ARTEarleyTableIndexedPool (C),accept,30,6.715,7.517,6.934,6.731,***,6.715,6.718,6.73,6.742,6.75,6.752,6.77,6.828,6.835,6.838,6.849,6.854,6.867,6.879,6.88,6.887,6.917,6.968,6.984,7.007,7.016,7.022,7.033,7.039,7.045,7.046,7.133,7.189,7.207,7.517
art.jar,earleyIndexedPoolV3.bat,gamma3,rhul/earleyTableData/gamma3.art,rhul/earleyTableData/b.090,90,ARTEarleyIndexedPool,accept,30,148.904,167.879,157.543,152.043,***,148.904,151.812,152.628,152.91,153.959,154.033,155.028,155.212,155.96,156.095,156.229,156.242,156.846,157.094,157.174,157.791,157.884,157.908,158.117,158.606,158.951,159.547,159.743,160.076,160.33,160.585,161.505,161.598,165.637,167.879
art.jar,earleyIndexedPoolV3_g++.bat,gamma3,rhul/earleyTableData/gamma3.art,rhul/earleyTableData/b.090,90,ARTEarleyIndexedPool (C),accept,30,100.326,108.434,101.416,100.574,***,100.326,100.423,100.514,100.755,100.853,100.906,100.914,100.955,100.964,100.976,101.052,101.061,101.13,101.148,101.205,101.217,101.257,101.298,101.322,101.338,101.367,101.411,101.459,101.607,101.615,101.65,101.676,101.758,101.887,108.434
art.jar,earleyTableIndexedPoolV3.bat,gamma3,rhul/earleyTableData/gamma3.art,rhul/earleyTableData/b.090,90,ARTEarleyTableIndexedPool,accept,30,83.737,92.621,88.425,85.48,***,83.737,85.733,85.782,86.044,86.102,86.569,86.65,87.209,87.483,87.493,87.944,88.015,88.037,88.04,88.29,88.407,88.594,88.963,89.14,89.276,89.386,89.468,89.481,90.138,90.533,90.585,90.837,90.858,91.348,92.621
art.jar,earleyTableIndexedPoolV3_g++.bat,gamma3,rhul/earleyTableData/gamma3.art,rhul/earleyTableData/b.090,90,ARTEarleyTableIndexedPool (C),accept,30,9.329,10.044,9.669,9.449,***,9.329,9.445,9.466,9.489,9.516,9.536,9.588,9.595,9.603,9.603,9.624,9.638,9.644,9.645,9.649,9.684,9.691,9.692,9.703,9.722,9.726,9.748,9.767,9.773,9.787,9.8,9.817,9.863,9.887,10.044
art.jar,earleyIndexedPoolV3.bat,gamma3,rhul/earleyTableData/gamma3.art,rhul/earleyTableData/b.100,100,ARTEarleyIndexedPool,accept,30,206.729,225.652,216.708,211.23,***,206.729,208.385,213.455,213.494,214.086,214.13,214.7,214.865,214.908,215.086,215.454,215.903,215.959,216.241,216.364,216.531,216.822,217.17,217.59,217.849,218.497,218.967,219.326,219.65,219.945,220.075,220.536,220.808,222.058,225.652
art.jar,earleyIndexedPoolV3_g++.bat,gamma3,rhul/earleyTableData/gamma3.art,rhul/earleyTableData/b.100,100,ARTEarleyIndexedPool (C),accept,30,142.039,146.195,145.325,144.197,***,142.039,144.074,144.826,145.01,145.035,145.081,145.137,145.25,145.3,145.343,145.363,145.436,145.445,145.454,145.467,145.471,145.476,145.521,145.53,145.53,145.559,145.635,145.651,145.704,145.727,145.734,145.743,145.942,146.057,146.195
art.jar,earleyTableIndexedPoolV3.bat,gamma3,rhul/earleyTableData/gamma3.art,rhul/earleyTableData/b.100,100,ARTEarleyTableIndexedPool,accept,30,97.38,105.031,102.27,99.414,***,97.38,99.339,99.712,100.278,100.363,100.473,100.512,100.711,100.828,101.232,101.4,101.786,101.968,102.017,102.682,102.759,102.905,102.918,102.989,103.522,103.534,103.559,103.575,103.735,104.081,104.512,104.526,104.737,105.027,105.031
art.jar,earleyTableIndexedPoolV3_g++.bat,gamma3,rhul/earleyTableData/gamma3.art,rhul/earleyTableData/b.100,100,ARTEarleyTableIndexedPool (C),accept,30,12.919,13.714,13.312,12.986,***,12.919,12.937,12.994,13.012,13.067,13.075,13.13,13.138,13.193,13.216,13.233,13.237,13.245,13.284,13.32,13.359,13.361,13.364,13.366,13.412,13.501,13.507,13.508,13.511,13.512,13.549,13.549,13.569,13.575,13.714
art.jar,earleyIndexedPoolV3.bat,gamma3,rhul/earleyTableData/gamma3.art,rhul/earleyTableData/b.110,110,ARTEarleyIndexedPool,accept,30,269.761,297.618,277.863,270.527,***,269.761,270.094,270.323,270.432,272.023,272.026,272.534,273.712,274.445,275.405,276.017,276.39,277.57,277.849,277.875,277.889,278.838,279.071,279.524,279.633,279.738,279.935,280.584,280.922,280.955,282.956,283.307,283.73,284.728,297.618
art.jar,earleyIndexedPoolV3_g++.bat,gamma3,rhul/earleyTableData/gamma3.art,rhul/earleyTableData/b.110,110,ARTEarleyIndexedPool (C),accept,30,197.683,209.107,202.086,199.891,***,197.683,198.106,200.878,201.381,201.405,201.41,201.444,201.471,201.534,201.601,201.614,201.635,201.65,201.687,201.727,201.777,201.876,202.065,202.151,202.18,202.233,202.266,202.535,202.684,202.798,203.539,203.893,204.117,204.141,209.107
art.jar,earleyTableIndexedPoolV3.bat,gamma3,rhul/earleyTableData/gamma3.art,rhul/earleyTableData/b.110,110,ARTEarleyTableIndexedPool,accept,30,116.385,132.858,125.373,118.705,***,116.385,118.386,118.387,119.142,121.223,121.751,122.297,123.656,123.76,123.802,123.896,124.471,125.025,125.107,125.482,125.629,126.439,126.522,127.551,127.617,127.8,127.847,128.55,128.594,128.77,129.23,129.924,130.18,130.919,132.858
art.jar,earleyTableIndexedPoolV3_g++.bat,gamma3,rhul/earleyTableData/gamma3.art,rhul/earleyTableData/b.110,110,ARTEarleyTableIndexedPool (C),accept,30,17.092,17.897,17.539,17.221,***,17.092,17.209,17.229,17.246,17.328,17.35,17.397,17.398,17.422,17.458,17.482,17.488,17.522,17.527,17.53,17.554,17.562,17.595,17.606,17.608,17.639,17.654,17.657,17.744,17.751,17.751,17.758,17.833,17.873,17.897
art.jar,earleyIndexedPoolV3.bat,gamma3,rhul/earleyTableData/gamma3.art,rhul/earleyTableData/b.120,120,ARTEarleyIndexedPool,accept,30,364.357,401.061,374.667,366.467,***,364.357,365.764,367.221,367.381,367.61,367.671,367.847,368.157,368.402,368.866,369.164,369.7,369.986,370.6,372.583,373.384,374.689,375.1,375.548,375.629,376.019,376.718,378.726,378.73,379.899,380.631,383.961,391.416,393.197,401.061
art.jar,earleyIndexedPoolV3_g++.bat,gamma3,rhul/earleyTableData/gamma3.art,rhul/earleyTableData/b.120,120,ARTEarleyIndexedPool (C),accept,30,268.831,275.038,273.426,270.97,***,268.831,269.293,271.966,272.182,272.578,272.83,272.884,273.013,273.109,273.217,273.225,273.238,273.591,273.7,273.719,273.75,273.763,273.823,273.837,273.973,274.09,274.248,274.321,274.588,274.592,274.721,274.811,274.817,275.019,275.038
art.jar,earleyTableIndexedPoolV3.bat,gamma3,rhul/earleyTableData/gamma3.art,rhul/earleyTableData/b.120,120,ARTEarleyTableIndexedPool,accept,30,133.533,148.417,139.827,135.073,***,133.533,134.479,135.546,135.873,135.936,136.002,136.42,136.77,138.039,138.043,138.146,138.493,138.509,138.626,138.918,139.713,139.792,140.267,140.389,140.814,141.085,141.277,142.061,142.272,144.309,144.492,144.999,145.529,146.059,148.417
art.jar,earleyTableIndexedPoolV3_g++.bat,gamma3,rhul/earleyTableData/gamma3.art,rhul/earleyTableData/b.120,120,ARTEarleyTableIndexedPool (C),accept,30,22.06,23.572,22.675,22.232,***,22.06,22.233,22.24,22.281,22.345,22.393,22.445,22.478,22.521,22.524,22.525,22.629,22.666,22.686,22.7,22.706,22.72,22.723,22.79,22.805,22.813,22.819,22.839,22.856,22.912,22.94,22.948,22.977,23.099,23.572
art.jar,earleyIndexedPoolV3.bat,gamma3,rhul/earleyTableData/gamma3.art,rhul/earleyTableData/b.130,130,ARTEarleyIndexedPool,accept,30,474.625,502.059,488.906,479.396,***,474.625,480.417,480.494,480.594,480.849,480.962,481.132,482.966,484.061,484.828,485.57,485.874,486.832,487.728,487.854,488.559,488.831,491.17,491.947,492.669,493.697,493.821,494.105,494.367,495.228,495.604,497.573,500.705,502.058,502.059
art.jar,earleyIndexedPoolV3_g++.bat,gamma3,rhul/earleyTableData/gamma3.art,rhul/earleyTableData/b.130,130,ARTEarleyIndexedPool (C),accept,30,361.374,365.755,363.346,361.778,***,361.374,361.703,361.708,362.041,362.066,362.196,362.212,362.373,362.562,362.57,362.637,362.976,363.039,363.073,363.158,363.345,363.367,363.442,363.471,363.537,363.765,363.838,363.918,364.233,364.321,364.802,365.548,365.655,365.702,365.755
art.jar,earleyTableIndexedPoolV3.bat,gamma3,rhul/earleyTableData/gamma3.art,rhul/earleyTableData/b.130,130,ARTEarleyTableIndexedPool,accept,30,155.822,167.145,160.343,156.997,***,155.822,157.07,157.128,157.417,157.547,157.679,157.863,158.384,158.477,158.968,159.418,159.667,159.674,159.973,160.719,160.766,160.791,160.88,160.931,161.203,161.418,161.592,161.601,161.915,162.26,162.429,163.126,163.804,164.617,167.145
art.jar,earleyTableIndexedPoolV3_g++.bat,gamma3,rhul/earleyTableData/gamma3.art,rhul/earleyTableData/b.130,130,ARTEarleyTableIndexedPool (C),accept,30,28.204,31.041,29.035,28.489,***,28.204,28.452,28.501,28.644,28.646,28.657,28.705,28.707,28.756,28.791,28.841,28.891,28.926,29.001,29.005,29.008,29.052,29.074,29.115,29.117,29.121,29.121,29.265,29.283,29.299,29.414,29.422,29.444,29.539,31.041
art.jar,earleyIndexedPoolV3.bat,gamma3,rhul/earleyTableData/gamma3.art,rhul/earleyTableData/b.140,140,ARTEarleyIndexedPool,accept,30,605.472,696.365,627.37,608.938,***,605.472,607.187,609.68,611.01,611.342,612.094,612.679,612.709,614.559,614.761,616.088,619.851,623.303,625.16,627.482,627.505,629.48,632.253,633.849,634.045,636.252,636.308,636.442,638.478,638.85,639,639.19,639.333,640.375,696.365
art.jar,earleyIndexedPoolV3_g++.bat,gamma3,rhul/earleyTableData/gamma3.art,rhul/earleyTableData/b.140,140,ARTEarleyIndexedPool (C),accept,30,467.019,476.326,474.222,471.303,***,467.019,471.247,472.542,472.78,472.925,473.219,473.354,473.501,473.693,473.767,473.795,473.867,474.005,474.184,474.375,474.467,474.542,474.857,474.945,475.093,475.354,475.415,475.444,475.683,475.939,476,476.003,476.038,476.275,476.326
art.jar,earleyTableIndexedPoolV3.bat,gamma3,rhul/earleyTableData/gamma3.art,rhul/earleyTableData/b.140,140,ARTEarleyTableIndexedPool,accept,30,177.393,188.939,182.654,178.655,***,177.393,177.503,178.576,179.79,180.011,180.046,180.193,180.195,180.397,180.805,181.151,181.58,181.929,181.97,182.416,183.023,183.061,183.213,183.222,183.67,183.683,183.866,184.289,185.403,185.481,185.521,186.026,187.384,188.884,188.939
art.jar,earleyTableIndexedPoolV3_g++.bat,gamma3,rhul/earleyTableData/gamma3.art,rhul/earleyTableData/b.140,140,ARTEarleyTableIndexedPool (C),accept,30,36.179,39.657,36.956,36.262,***,36.179,36.194,36.283,36.31,36.343,36.428,36.46,36.525,36.557,36.578,36.598,36.666,36.678,36.694,36.739,36.744,36.769,36.773,36.773,36.869,36.907,36.918,37.328,37.334,37.366,37.658,37.961,38.178,38.217,39.657
art.jar,earleyIndexedPoolV3.bat,gamma3,rhul/earleyTableData/gamma3.art,rhul/earleyTableData/b.150,150,ARTEarleyIndexedPool,accept,30,751.99,779.964,766.892,759.524,***,751.99,760.941,761.342,761.558,761.787,761.909,762.36,762.871,763.51,763.866,764.534,765.246,765.634,766.299,766.476,767.32,767.662,767.702,768.073,768.146,768.63,769.64,769.882,769.887,771.905,773.1,773.785,775.136,775.606,779.964
art.jar,earleyIndexedPoolV3_g++.bat,gamma3,rhul/earleyTableData/gamma3.art,rhul/earleyTableData/b.150,150,ARTEarleyIndexedPool (C),accept,30,599.541,611.966,608.165,604.887,***,599.541,605.256,606.035,606.378,607.225,607.332,607.482,607.515,607.522,607.589,607.655,607.781,608.194,608.209,608.435,608.493,608.527,608.592,608.664,608.795,608.812,608.908,608.973,609.059,609.136,609.285,610.921,611.203,611.467,611.966
art.jar,earleyTableIndexedPoolV3.bat,gamma3,rhul/earleyTableData/gamma3.art,rhul/earleyTableData/b.150,150,ARTEarleyTableIndexedPool,accept,30,205.682,223.367,210.548,206.509,***,205.682,206.318,206.641,206.71,207.192,207.244,207.579,207.983,208.511,209.052,209.112,209.605,209.683,209.685,209.87,210.089,210.264,210.35,210.536,210.773,211.097,211.275,212.311,212.417,212.465,212.743,215.434,215.797,216.658,223.367
art.jar,earleyTableIndexedPoolV3_g++.bat,gamma3,rhul/earleyTableData/gamma3.art,rhul/earleyTableData/b.150,150,ARTEarleyTableIndexedPool (C),accept,30,45.392,49.724,46.622,45.521,***,45.392,45.456,45.559,45.561,45.635,45.722,45.764,45.811,45.866,45.913,46.03,46.089,46.093,46.109,46.124,46.188,46.212,46.474,46.477,46.632,46.738,46.841,46.97,47.174,47.834,47.84,48.183,49.108,49.139,49.724
art.jar,earleyIndexedPoolV3.bat,gamma3,rhul/earleyTableData/gamma3.art,rhul/earleyTableData/b.160,160,ARTEarleyIndexedPool,accept,30,939.406,1024.02,976.856,957.007,***,939.406,957.421,957.859,964.948,965.399,965.939,966.19,966.958,967.523,967.648,967.885,969.818,970.857,970.988,971.026,972.905,973.096,973.342,976.882,976.983,977.016,978.364,979.51,994.061,996.905,998.774,1001.087,1003.657,1009.211,1024.02
art.jar,earleyIndexedPoolV3_g++.bat,gamma3,rhul/earleyTableData/gamma3.art,rhul/earleyTableData/b.160,160,ARTEarleyIndexedPool (C),accept,30,763.356,773.684,768.492,765.918,***,763.356,765.992,766.362,766.757,767.121,767.175,767.198,767.347,767.534,767.537,767.62,767.633,767.958,767.981,767.984,768.063,768.247,768.265,768.997,769.105,769.124,769.135,769.201,769.729,769.816,770.534,770.795,770.888,773.63,773.684
art.jar,earleyTableIndexedPoolV3.bat,gamma3,rhul/earleyTableData/gamma3.art,rhul/earleyTableData/b.160,160,ARTEarleyTableIndexedPool,accept,30,237.052,249.015,242.487,238.1,***,237.052,237.075,238.486,238.624,239.261,239.349,239.928,240.393,240.552,241.096,241.259,241.377,241.65,242.015,242.019,242.29,242.665,243.197,243.208,243.263,243.933,244.068,244.88,244.899,245.758,246.021,246.03,246.98,248.268,249.015
art.jar,earleyTableIndexedPoolV3_g++.bat,gamma3,rhul/earleyTableData/gamma3.art,rhul/earleyTableData/b.160,160,ARTEarleyTableIndexedPool (C),accept,30,55.889,61.272,57.487,56.626,***,55.889,56.777,56.795,56.833,56.834,56.861,56.864,56.891,56.956,56.961,56.996,57.048,57.073,57.108,57.13,57.13,57.132,57.152,57.422,57.512,57.553,57.603,57.68,57.736,58.026,58.466,58.788,59.039,59.083,61.272
art.jar,earleyIndexedPoolV3.bat,gamma3,rhul/earleyTableData/gamma3.art,rhul/earleyTableData/b.170,170,ARTEarleyIndexedPool,accept,30,1188.431,1240.338,1208.319,1194.457,***,1188.431,1191.86,1196.855,1197.447,1197.69,1198.769,1198.799,1200.444,1201.294,1202.019,1202.946,1203.759,1205.486,1205.793,1205.811,1207.297,1207.532,1208.158,1208.275,1209.35,1209.55,1212.852,1214.123,1215.912,1216.384,1217.358,1225.848,1227.518,1231.675,1240.338
art.jar,earleyIndexedPoolV3_g++.bat,gamma3,rhul/earleyTableData/gamma3.art,rhul/earleyTableData/b.170,170,ARTEarleyIndexedPool (C),accept,30,950.489,972.889,962.162,956.536,***,950.489,956.39,958.055,958.861,958.883,960.071,960.131,960.423,960.486,960.498,961.428,961.622,961.896,962.194,962.578,962.798,962.801,962.906,963.252,963.292,963.934,963.957,963.997,964.09,964.191,964.198,964.734,965.37,968.453,972.889
art.jar,earleyTableIndexedPoolV3.bat,gamma3,rhul/earleyTableData/gamma3.art,rhul/earleyTableData/b.170,170,ARTEarleyTableIndexedPool,accept,30,269.458,288.904,276.612,270.63,***,269.458,270.357,270.466,271.417,271.451,271.48,271.623,272.635,273.544,273.766,273.871,274.005,275.805,276.212,276.243,276.402,277.778,277.99,278.159,278.68,278.897,278.941,279.901,280.257,280.752,281.004,281.471,281.657,285.24,288.904
art.jar,earleyTableIndexedPoolV3_g++.bat,gamma3,rhul/earleyTableData/gamma3.art,rhul/earleyTableData/b.170,170,ARTEarleyTableIndexedPool (C),accept,30,68.329,83.613,70.323,69.071,***,68.329,69.093,69.203,69.311,69.421,69.537,69.581,69.653,69.677,69.695,69.734,69.742,69.767,69.812,69.814,69.821,69.876,69.897,70.051,70.086,70.131,70.255,70.315,70.41,70.421,70.463,70.509,70.578,70.888,83.613
art.jar,earleyIndexedPoolV3.bat,gamma3,rhul/earleyTableData/gamma3.art,rhul/earleyTableData/b.180,180,ARTEarleyIndexedPool,accept,30,1443.659,1507.955,1478.973,1456.169,***,1443.659,1453.475,1456.464,1463.001,1464.247,1466.761,1469.016,1469.28,1470.054,1471.394,1472.92,1474.081,1474.33,1474.98,1478.131,1480.581,1481.336,1482.002,1482.036,1485.544,1485.649,1486.494,1491.503,1491.692,1491.843,1497.672,1498.704,1501.707,1502.68,1507.955
art.jar,earleyIndexedPoolV3_g++.bat,gamma3,rhul/earleyTableData/gamma3.art,rhul/earleyTableData/b.180,180,ARTEarleyIndexedPool (C),accept,30,1179.234,1209.1,1186.41,1180.601,***,1179.234,1180.371,1180.981,1181.021,1181.399,1181.443,1181.993,1182.612,1182.738,1182.818,1182.963,1183.069,1183.434,1183.824,1184.029,1184.263,1184.551,1184.906,1185.426,1186.06,1187.037,1187.279,1188.542,1189.348,1189.693,1189.981,1196.328,1196.591,1201.266,1209.1
art.jar,earleyTableIndexedPoolV3.bat,gamma3,rhul/earleyTableData/gamma3.art,rhul/earleyTableData/b.180,180,ARTEarleyTableIndexedPool,accept,30,312.579,331.323,318.043,313.324,***,312.579,313.086,313.51,313.609,313.834,314.172,314.402,315.228,315.32,316.08,316.187,316.574,316.692,317.055,317.104,317.906,318.171,318.215,318.276,318.625,318.743,319.086,319.274,319.423,321.536,321.655,322.605,323.517,327.508,331.323
art.jar,earleyTableIndexedPoolV3_g++.bat,gamma3,rhul/earleyTableData/gamma3.art,rhul/earleyTableData/b.180,180,ARTEarleyTableIndexedPool (C),accept,30,84.135,122.318,87.367,84.42,***,84.135,84.429,84.467,84.496,84.574,84.791,84.893,84.919,85.147,85.158,85.254,85.325,85.36,85.411,85.434,85.544,85.589,85.638,85.697,85.742,85.749,85.758,85.903,86.016,86.411,87.023,87.051,91.955,100.834,122.318
art.jar,earleyIndexedPoolV3.bat,gamma3,rhul/earleyTableData/gamma3.art,rhul/earleyTableData/b.190,190,ARTEarleyIndexedPool,accept,30,1740.336,1804.84,1775.538,1753.728,***,1740.336,1751.731,1757.626,1757.65,1761.296,1764.06,1769.262,1769.531,1771.092,1771.129,1772.23,1772.697,1772.897,1774.589,1774.612,1775.699,1776.733,1776.821,1779.084,1779.784,1780.13,1781.033,1783.293,1784.944,1787.94,1789.987,1791.166,1792.35,1801.595,1804.84
art.jar,earleyIndexedPoolV3_g++.bat,gamma3,rhul/earleyTableData/gamma3.art,rhul/earleyTableData/b.190,190,ARTEarleyIndexedPool (C),accept,30,1427.066,1494.598,1450.903,1436.545,***,1427.066,1438.831,1438.877,1438.956,1438.995,1439.134,1440.955,1441.723,1441.745,1441.933,1442.274,1442.516,1442.58,1442.915,1443.114,1444.552,1444.809,1446.518,1449.21,1450.941,1451.411,1452.372,1453.002,1455.164,1465.168,1475.545,1476.662,1478.92,1486.618,1494.598
art.jar,earleyTableIndexedPoolV3.bat,gamma3,rhul/earleyTableData/gamma3.art,rhul/earleyTableData/b.190,190,ARTEarleyTableIndexedPool,accept,30,344.52,374.538,364.101,354.348,***,344.52,354.113,355.564,357.942,359.599,359.787,361.39,361.911,362.388,362.542,363.034,363.389,363.763,363.849,364.665,365.447,365.509,365.624,365.966,366.715,366.956,367.442,367.756,367.972,368.669,368.84,369.59,371.56,372.001,374.538
art.jar,earleyTableIndexedPoolV3_g++.bat,gamma3,rhul/earleyTableData/gamma3.art,rhul/earleyTableData/b.190,190,ARTEarleyTableIndexedPool (C),accept,30,101.105,137.763,106.662,101.869,***,101.105,101.729,102.09,102.194,102.225,102.225,102.269,102.373,102.495,102.516,102.564,102.571,102.656,102.659,102.699,102.893,102.898,102.981,103.008,103.238,103.267,103.403,103.902,103.912,104.289,106.25,117.9,133.805,135.967,137.763
art.jar,earleyIndexedPoolV3.bat,gamma3,rhul/earleyTableData/gamma3.art,rhul/earleyTableData/b.200,200,ARTEarleyIndexedPool,accept,30,2075.715,2375.249,2134.073,2091.971,***,2075.715,2084.744,2093.665,2096.424,2109.308,2116.077,2118.092,2118.903,2119.34,2119.724,2120.345,2123.162,2124.84,2127.382,2129.282,2129.395,2130.603,2130.91,2131.715,2132.594,2134.646,2136.031,2136.078,2138.805,2142.44,2155.719,2155.727,2156.168,2159.108,2375.249
art.jar,earleyIndexedPoolV3_g++.bat,gamma3,rhul/earleyTableData/gamma3.art,rhul/earleyTableData/b.200,200,ARTEarleyIndexedPool (C),accept,30,1723.055,1954.445,1768.48,1733.398,***,1723.055,1732.06,1733.381,1738.049,1740.446,1742.089,1743.348,1743.964,1745.643,1748.091,1748.954,1749.172,1759.021,1761.43,1766.042,1769.947,1772.384,1773.67,1776.314,1776.801,1777.221,1777.778,1778.432,1781.015,1781.808,1782.904,1788.993,1791.823,1796.109,1954.445
art.jar,earleyTableIndexedPoolV3.bat,gamma3,rhul/earleyTableData/gamma3.art,rhul/earleyTableData/b.200,200,ARTEarleyTableIndexedPool,accept,30,413.357,434.051,423.518,415.776,***,413.357,413.987,414.157,418.012,419.367,419.929,420.222,420.554,420.818,420.942,421.672,421.813,421.854,422.75,422.896,423.106,423.455,423.767,424.247,424.535,425.282,426.026,426.843,427.644,428.334,429.65,430.826,431.895,433.547,434.051
art.jar,earleyTableIndexedPoolV3_g++.bat,gamma3,rhul/earleyTableData/gamma3.art,rhul/earleyTableData/b.200,200,ARTEarleyTableIndexedPool (C),accept,30,120.876,162.293,124.748,121.939,***,120.876,121.359,122.387,122.505,122.569,122.634,122.646,122.729,122.828,122.876,123.082,123.114,123.147,123.161,123.164,123.18,123.246,123.287,123.296,123.322,123.323,123.368,123.382,123.453,123.624,123.675,123.751,124.173,136.001,162.293
art.jar,earleyIndexedPoolV3.bat,Java,jls13/earleyTableData/jls13EAS.art,rhul/earleyTableData/artSourceV.tok,40311,ARTEarleyIndexedPool,accept,30,1426.512,1569.004,1503.402,1452.461,***,1426.512,1456.696,1457.02,1459.484,1462.591,1463.965,1466.404,1472.736,1473.446,1476.438,1486.095,1490.996,1492.616,1498.608,1503.173,1504.321,1509.399,1519.586,1522.607,1522.672,1524.769,1525.399,1527.807,1539.922,1542.942,1546.083,1551.254,1553.657,1555.862,1569.004
art.jar,earleyIndexedPoolV3_g++.bat,Java,jls13/earleyTableData/jls13EAS.art,rhul/earleyTableData/artSourceV.tok,40311,ARTEarleyIndexedPool (C),accept,30,461.832,520.544,475.468,465.361,***,461.832,463.778,465.268,467.369,468.556,469.532,469.986,470.013,471.033,471.138,471.529,471.968,472.154,472.292,472.379,472.444,472.592,472.639,473.085,473.229,473.499,473.503,473.606,474.109,474.591,479.892,489.449,497.349,504.678,520.544
art.jar,earleyTableIndexedPoolV3.bat,Java,jls13/earleyTableData/jls13EAS.art,rhul/earleyTableData/artSourceV.tok,40311,ARTEarleyTableIndexedPool,accept,30,189.321,256.257,207.212,191.36,***,189.321,189.491,191.573,192.975,193.44,193.946,195.086,195.176,195.339,195.503,195.763,196.131,196.835,196.993,200.131,200.326,203.565,203.675,203.746,205.163,206.562,208.053,208.774,209.121,230.801,234.465,237.804,241.985,248.348,256.257
art.jar,earleyTableIndexedPoolV3_g++.bat,Java,jls13/earleyTableData/jls13EAS.art,rhul/earleyTableData/artSourceV.tok,40311,ARTEarleyTableIndexedPool (C),accept,30,96.509,117.875,101.291,97.207,***,96.509,96.697,96.944,97.799,98.084,99.313,99.611,100.264,100.844,101.103,101.129,101.139,101.347,101.372,101.489,101.509,101.533,101.577,101.598,101.605,101.64,101.801,101.877,101.909,101.969,102.184,102.335,102.352,103.317,117.875
gtb_mgw32_gcc_O3_pool.exe,brnglr_slr1.gtb,Java,jls13/earleyTableData/jls13EASMODAJ2024.gtb,rhul/earleyTableData/artSourceW.tok,19085,BRNLGR (GTB with Pool),accept,30,318.485,352.154,324.814,319.072,***,318.485,318.925,318.93,319.055,319.966,320.388,320.986,321.199,321.334,321.368,321.748,321.81,321.983,322.063,322.144,322.187,322.292,322.296,322.478,322.6,322.658,323.04,323.197,323.579,323.689,335.227,335.329,337.97,345.334,352.154
art.jar,earleyIndexedPoolV3.bat,Java,jls13/earleyTableData/jls13EAS.art,rhul/earleyTableData/artSourceW.tok,19085,ARTEarleyIndexedPool,accept,30,741.43,1027.653,902.158,762.913,***,741.43,756.05,764.57,774.997,777.517,780.37,793.453,794.112,805.673,854.672,901.387,916.315,916.983,924.208,924.284,930.377,933.849,939.97,940.03,946.554,956.784,959.859,980.309,988.632,1002.011,1002.48,1004.164,1004.178,1021.873,1027.653
art.jar,earleyIndexedPoolV3_g++.bat,Java,jls13/earleyTableData/jls13EAS.art,rhul/earleyTableData/artSourceW.tok,19085,ARTEarleyIndexedPool (C),accept,30,222.584,235.352,232.329,229.541,***,222.584,230.705,231.172,231.499,231.744,231.948,232.024,232.033,232.084,232.252,232.451,232.479,232.48,232.544,232.605,232.621,232.671,232.826,232.892,232.953,233.009,233.051,233.158,233.305,233.317,233.466,233.477,233.549,233.61,235.352
art.jar,earleyTableIndexedPoolV3.bat,Java,jls13/earleyTableData/jls13EAS.art,rhul/earleyTableData/artSourceW.tok,19085,ARTEarleyTableIndexedPool,accept,30,76.521,122.543,110.076,99.459,***,76.521,103.935,104.006,105.963,106.872,106.921,107.451,107.486,108.305,108.447,108.508,108.544,108.762,108.837,109.456,109.731,110.151,111.983,112.153,112.837,113.834,114.29,114.558,115.161,115.563,116.778,117.33,117.432,117.909,122.543
art.jar,earleyTableIndexedPoolV3_g++.bat,Java,jls13/earleyTableData/jls13EAS.art,rhul/earleyTableData/artSourceW.tok,19085,ARTEarleyTableIndexedPool (C),accept,30,52.767,55.438,53.966,52.939,***,52.767,52.784,52.962,53.02,53.161,53.25,53.328,53.345,53.525,53.566,53.844,53.851,53.993,54.007,54.032,54.115,54.126,54.209,54.295,54.326,54.329,54.339,54.478,54.525,54.542,54.568,54.628,54.656,54.983,55.438
gtb_mgw32_gcc_O3_pool.exe,brnglr_slr1.gtb,Java,jls13/earleyTableData/jls13EASMODAJ2024.gtb,rhul/earleyTableData/Life.tok,1429,BRNLGR (GTB with Pool),accept,30,10.322,11.175,10.934,10.692,***,10.322,10.677,10.746,10.856,10.86,10.883,10.892,10.9,10.905,10.921,10.947,10.947,10.951,10.96,10.964,10.967,10.973,10.978,10.979,10.98,10.992,10.993,11.009,11.016,11.025,11.027,11.047,11.057,11.085,11.175
art.jar,earleyIndexedPoolV3.bat,Java,jls13/earleyTableData/jls13EAS.art,rhul/earleyTableData/Life.tok,1429,ARTEarleyIndexedPool,accept,30,61.77,74.946,67.373,63.443,***,61.77,63.323,63.487,63.795,64.839,65.081,65.136,65.392,65.489,65.717,65.773,65.896,66.002,66.038,67.183,67.509,67.733,67.795,68.081,68.671,68.762,68.769,68.784,69.04,69.998,70.565,70.595,71.483,73.539,74.946
art.jar,earleyIndexedPoolV3_g++.bat,Java,jls13/earleyTableData/jls13EAS.art,rhul/earleyTableData/Life.tok,1429,ARTEarleyIndexedPool (C),accept,30,16.521,17.532,16.792,16.538,***,16.521,16.53,16.541,16.541,16.555,16.568,16.572,16.573,16.584,16.587,16.614,16.615,16.629,16.66,16.67,16.691,16.692,16.741,16.776,16.778,16.821,16.879,16.936,16.97,17.035,17.062,17.121,17.458,17.494,17.532
art.jar,earleyTableIndexedPoolV3.bat,Java,jls13/earleyTableData/jls13EAS.art,rhul/earleyTableData/Life.tok,1429,ARTEarleyTableIndexedPool,accept,30,25.228,33.225,28.506,25.96,***,25.228,25.508,25.737,26.463,26.863,27.063,27.139,27.295,27.614,27.788,27.846,28.034,28.06,28.157,28.24,28.472,28.714,28.793,28.804,28.838,28.94,29.144,29.42,29.644,29.964,30.142,30.392,31.478,32.162,33.225
art.jar,earleyTableIndexedPoolV3_g++.bat,Java,jls13/earleyTableData/jls13EAS.art,rhul/earleyTableData/Life.tok,1429,ARTEarleyTableIndexedPool (C),accept,30,10.388,11.276,10.878,10.619,***,10.388,10.652,10.683,10.686,10.687,10.739,10.77,10.806,10.831,10.851,10.855,10.869,10.889,10.889,10.89,10.907,10.907,10.924,10.932,10.946,10.95,10.951,10.953,10.958,10.983,11.007,11.028,11.042,11.083,11.276
gtb_mgw32_gcc_O3_pool.exe,brnglr_slr1.gtb,Pascal,iso_pascal_7185/earleyTableData/pascal.gtb,rhul/earleyTableData/treeview.tok,4425,BRNLGR (GTB with Pool),accept,30,12.834,13.215,13.022,12.893,***,12.834,12.89,12.896,12.92,12.925,12.928,12.96,12.994,12.994,12.996,13.012,13.014,13.018,13.018,13.019,13.021,13.029,13.032,13.043,13.044,13.054,13.055,13.068,13.082,13.082,13.113,13.114,13.136,13.156,13.215
art.jar,earleyIndexedPoolV3.bat,Pascal,iso_pascal_7185/earleyTableData/pascal.art,rhul/earleyTableData/treeview.tok,4425,ARTEarleyIndexedPool,accept,30,56.669,69.069,63.721,58.708,***,56.669,57.515,58.39,60.394,60.57,60.856,61.423,61.737,61.978,62.15,62.473,63.226,63.412,63.749,63.787,63.848,63.875,64.18,64.246,64.74,65.415,65.755,66.009,67.22,67.368,67.433,67.515,68.142,68.499,69.069
art.jar,earleyIndexedPoolV3_g++.bat,Pascal,iso_pascal_7185/earleyTableData/pascal.art,rhul/earleyTableData/treeview.tok,4425,ARTEarleyIndexedPool (C),accept,30,13.606,14.435,13.842,13.673,***,13.606,13.678,13.678,13.701,13.704,13.708,13.71,13.715,13.725,13.728,13.728,13.749,13.758,13.761,13.764,13.771,13.778,13.787,13.814,13.816,13.841,13.851,13.885,13.986,13.992,14.054,14.078,14.124,14.322,14.435
art.jar,earleyTableIndexedPoolV3.bat,Pascal,iso_pascal_7185/earleyTableData/pascal.art,rhul/earleyTableData/treeview.tok,4425,ARTEarleyTableIndexedPool,accept,30,35.667,50.297,42.293,37.562,***,35.667,37.653,37.999,38.073,38.417,38.513,39.198,39.629,39.636,40.308,40.633,40.924,41.353,41.773,42.444,42.626,43.071,43.969,44.032,44.045,44.179,44.745,44.876,45.479,45.538,45.713,45.796,45.832,46.382,50.297
art.jar,earleyTableIndexedPoolV3_g++.bat,Pascal,iso_pascal_7185/earleyTableData/pascal.art,rhul/earleyTableData/treeview.tok,4425,ARTEarleyTableIndexedPool (C),accept,30,12.708,13.453,13.129,12.79,***,12.708,12.743,12.775,12.858,12.865,12.944,12.968,12.976,12.98,12.997,13.036,13.052,13.086,13.093,13.094,13.123,13.132,13.178,13.195,13.225,13.306,13.309,13.342,13.369,13.396,13.401,13.405,13.409,13.441,13.453
gtb_mgw32_gcc_O3_pool.exe,brnglr_slr1.gtb,Pascal,iso_pascal_7185/earleyTableData/pascal.gtb,rhul/earleyTableData/view_ite.tok,4480,BRNLGR (GTB with Pool),accept,30,12.897,13.933,13.393,13.196,***,12.897,13.238,13.261,13.273,13.31,13.314,13.315,13.327,13.334,13.336,13.344,13.351,13.357,13.36,13.378,13.396,13.407,13.415,13.422,13.425,13.44,13.441,13.448,13.468,13.473,13.492,13.518,13.523,13.585,13.933
art.jar,earleyIndexedPoolV3.bat,Pascal,iso_pascal_7185/earleyTableData/pascal.art,rhul/earleyTableData/view_ite.tok,4480,ARTEarleyIndexedPool,accept,30,59.374,71.694,65.865,61.095,***,59.374,60.884,61.142,61.182,62.892,63,63.115,63.462,63.633,63.682,63.753,63.775,64.402,64.604,65.522,65.542,66.57,66.665,67.04,67.614,67.827,68.846,69.017,69.048,69.231,69.545,70.487,71.169,71.229,71.694
art.jar,earleyIndexedPoolV3_g++.bat,Pascal,iso_pascal_7185/earleyTableData/pascal.art,rhul/earleyTableData/view_ite.tok,4480,ARTEarleyIndexedPool (C),accept,30,13.82,14.618,14.184,13.982,***,13.82,13.975,14.026,14.039,14.048,14.068,14.08,14.084,14.087,14.09,14.1,14.102,14.103,14.104,14.111,14.156,14.176,14.176,14.182,14.197,14.219,14.226,14.251,14.309,14.361,14.398,14.417,14.457,14.544,14.618
art.jar,earleyTableIndexedPoolV3.bat,Pascal,iso_pascal_7185/earleyTableData/pascal.art,rhul/earleyTableData/view_ite.tok,4480,ARTEarleyTableIndexedPool,accept,30,35.701,46.415,41.208,37.029,***,35.701,36.952,37.21,37.255,38.026,38.077,38.153,38.253,38.526,38.85,38.885,39.393,39.501,40.059,40.16,40.418,41.119,42.008,42.082,42.915,44.109,44.167,44.551,44.92,45.29,45.498,45.867,45.883,45.998,46.415
art.jar,earleyTableIndexedPoolV3_g++.bat,Pascal,iso_pascal_7185/earleyTableData/pascal.art,rhul/earleyTableData/view_ite.tok,4480,ARTEarleyTableIndexedPool (C),accept,30,12.635,13.697,13.357,13.053,***,12.635,13.065,13.144,13.208,13.213,13.242,13.254,13.267,13.289,13.315,13.322,13.33,13.354,13.355,13.369,13.371,13.389,13.403,13.443,13.448,13.448,13.453,13.473,13.495,13.502,13.523,13.528,13.551,13.628,13.697
